captured_at,rth,symbol,underlying,expiry,tenor,strike,type,spot,bid,ask,bid_sz,ask_sz,mid,spread,spread_pct,moneyness,quote_t
2026-08-26T19:46:16.773519+00:00,True,AAPL260904C00317500,AAPL,2026-09-04,9dte,317.5,call,315.15,3.83,3.95,245,354,3.89,0.12,0.030848,1.0075,2026-08-26T19:46:15.519454572Z
2026-08-26T19:46:16.773519+00:00,True,TSLA260904C00347500,TSLA,2026-09-04,9dte,347.5,call,346.325,8.7,8.98,112,77,8.84,0.28,0.031674,1.0034,2026-08-26T19:46:15.48393691Z
2026-08-26T19:46:16.773519+00:00,True,MSFT260904C00500000,MSFT,2026-09-04,9dte,500.0,call,496.57,6.48,6.57,3,24,6.525,0.09,0.013793,1.0069,2026-08-26T19:46:15.557360296Z
2026-08-26T19:46:16.773519+00:00,True,AAPL260904C00315000,AAPL,2026-09-04,9dte,315.0,call,315.15,5.07,5.13,281,418,5.1,0.06,0.011765,0.9995,2026-08-26T19:46:15.474867316Z
2026-08-26T19:46:16.773519+00:00,True,SPY260904C00766000,SPY,2026-09-04,9dte,766.0,call,766.74,6.62,6.83,330,59,6.725,0.21,0.031227,0.999,2026-08-26T19:46:16.420000597Z
2026-08-26T19:46:16.773519+00:00,True,NVDA260904C00207500,NVDA,2026-09-04,9dte,207.5,call,209.6,8.34,8.58,1,162,8.46,0.24,0.028369,0.99,2026-08-26T19:46:15.675126681Z
2026-08-26T19:46:16.773519+00:00,True,META260904C00580000,META,2026-09-04,9dte,580.0,call,576.26,12.5,12.87,351,242,12.684999999999999,0.37,0.029168,1.0065,2026-08-26T19:46:15.949236232Z
2026-08-26T19:46:16.773519+00:00,True,TSLA260904P00350000,TSLA,2026-09-04,9dte,350.0,put,346.325,10.77,11.04,305,20,10.905,0.27,0.024759,1.0106,2026-08-26T19:46:15.553696976Z
2026-08-26T19:46:16.773519+00:00,True,TSLA260904C00350000,TSLA,2026-09-04,9dte,350.0,call,346.325,7.87,7.97,278,65,7.92,0.1,0.012626,1.0106,2026-08-26T19:46:15.483400598Z
2026-08-26T19:46:16.773519+00:00,True,MSFT260904P00497500,MSFT,2026-09-04,9dte,497.5,put,496.57,7.92,8.18,240,87,8.05,0.26,0.032298,1.0019,2026-08-26T19:46:15.55373163Z
2026-08-26T19:46:16.773519+00:00,True,TSLA260904P00345000,TSLA,2026-09-04,9dte,345.0,put,346.325,8.29,8.39,15,94,8.34,0.1,0.01199,0.9962,2026-08-26T19:46:16.186941806Z
2026-08-26T19:46:16.773519+00:00,True,TSLA260904P00347500,TSLA,2026-09-04,9dte,347.5,put,346.325,9.41,9.52,8,84,9.465,0.11,0.011622,1.0034,2026-08-26T19:46:15.081956398Z
2026-08-26T19:46:16.773519+00:00,True,NVDA260904P00207500,NVDA,2026-09-04,9dte,207.5,put,209.6,5.98,6.22,72,128,6.1,0.24,0.039344,0.99,2026-08-26T19:46:16.285170537Z
2026-08-26T19:46:16.773519+00:00,True,MSFT260904C00495000,MSFT,2026-09-04,9dte,495.0,call,496.57,9.06,9.31,14,170,9.185,0.25,0.027218,0.9968,2026-08-26T19:46:15.550991095Z
2026-08-26T19:46:16.773519+00:00,True,NVDA260904P00212500,NVDA,2026-09-04,9dte,212.5,put,209.6,8.59,8.88,28,132,8.735,0.29,0.0332,1.0138,2026-08-26T19:46:16.283678256Z
2026-08-26T19:46:16.773519+00:00,True,AAPL260904P00315000,AAPL,2026-09-04,9dte,315.0,put,315.15,4.49,4.72,223,242,4.605,0.23,0.049946,0.9995,2026-08-26T19:46:16.368184429Z
2026-08-26T19:46:16.773519+00:00,True,SPY260904C00767000,SPY,2026-09-04,9dte,767.0,call,766.74,6.26,6.29,55,167,6.275,0.03,0.004781,1.0003,2026-08-26T19:46:16.170646971Z
2026-08-26T19:46:16.773519+00:00,True,META260904C00577500,META,2026-09-04,9dte,577.5,call,576.26,13.57,14.22,310,149,13.895,0.65,0.046779,1.0022,2026-08-26T19:46:16.40797983Z
2026-08-26T19:46:16.773519+00:00,True,NVDA260904P00210000,NVDA,2026-09-04,9dte,210.0,put,209.6,7.33,7.43,86,272,7.38,0.1,0.01355,1.0019,2026-08-26T19:46:15.482110502Z
2026-08-26T19:46:16.773519+00:00,True,NVDA260904C00212500,NVDA,2026-09-04,9dte,212.5,call,209.6,6.13,6.23,66,228,6.18,0.1,0.016181,1.0138,2026-08-26T19:46:15.885151969Z
2026-08-26T19:46:16.773519+00:00,True,NVDA260904C00210000,NVDA,2026-09-04,9dte,210.0,call,209.6,7.29,7.36,86,175,7.325,0.07,0.009556,1.0019,2026-08-26T19:46:16.469505622Z
2026-08-26T19:46:16.773519+00:00,True,META260904P00577500,META,2026-09-04,9dte,577.5,put,576.26,14.08,14.62,44,190,14.35,0.54,0.037631,1.0022,2026-08-26T19:46:16.057066837Z
2026-08-26T19:46:16.773519+00:00,True,META260904P00580000,META,2026-09-04,9dte,580.0,put,576.26,15.14,15.95,85,146,15.545,0.81,0.052107,1.0065,2026-08-26T19:46:15.948804377Z
2026-08-26T19:46:16.773519+00:00,True,MSFT260904C00497500,MSFT,2026-09-04,9dte,497.5,call,496.57,7.42,7.82,274,202,7.62,0.4,0.052493,1.0019,2026-08-26T19:46:15.534701102Z
2026-08-26T19:46:16.773519+00:00,True,AMZN260904P00260000,AMZN,2026-09-04,9dte,260.0,put,260.28,4.36,4.44,9,114,4.4,0.08,0.018182,0.9989,2026-08-26T19:46:16.027441437Z
2026-08-26T19:46:16.773519+00:00,True,AAPL260904P00317500,AAPL,2026-09-04,9dte,317.5,put,315.15,5.78,5.94,417,155,5.86,0.16,0.027304,1.0075,2026-08-26T19:46:15.543866785Z
2026-08-26T19:46:16.773519+00:00,True,MSFT260904P00495000,MSFT,2026-09-04,9dte,495.0,put,496.57,6.77,6.99,219,199,6.88,0.22,0.031977,0.9968,2026-08-26T19:46:15.553483205Z
2026-08-26T19:46:16.773519+00:00,True,SPY260904C00768000,SPY,2026-09-04,9dte,768.0,call,766.74,5.62,5.65,118,115,5.635,0.03,0.005324,1.0016,2026-08-26T19:46:16.170867914Z
2026-08-26T19:46:16.773519+00:00,True,AMZN260904C00260000,AMZN,2026-09-04,9dte,260.0,call,260.28,4.9,5.24,358,96,5.07,0.34,0.067061,0.9989,2026-08-26T19:46:16.369541994Z
2026-08-26T19:46:16.773519+00:00,True,TSLA260904C00345000,TSLA,2026-09-04,9dte,345.0,call,346.325,9.98,10.18,71,204,10.08,0.2,0.019841,0.9962,2026-08-26T19:46:15.555148546Z
2026-08-26T19:46:16.773519+00:00,True,SPY260904P00767000,SPY,2026-09-04,9dte,767.0,put,766.74,5.4,5.61,61,138,5.505000000000001,0.21,0.038147,1.0003,2026-08-26T19:46:15.794194799Z
2026-08-26T19:46:16.773519+00:00,True,META260904P00575000,META,2026-09-04,9dte,575.0,put,576.26,12.77,13.18,80,181,12.975,0.41,0.031599,0.9978,2026-08-26T19:46:15.594297459Z
2026-08-26T19:46:16.773519+00:00,True,MSFT260904P00500000,MSFT,2026-09-04,9dte,500.0,put,496.57,9.39,9.57,200,67,9.48,0.18,0.018987,1.0069,2026-08-26T19:46:15.553542125Z
2026-08-26T19:46:16.773519+00:00,True,AMZN260904P00262500,AMZN,2026-09-04,9dte,262.5,put,260.28,5.7,5.82,125,213,5.76,0.12,0.020833,1.0085,2026-08-26T19:46:15.87177921Z
2026-08-26T19:46:16.773519+00:00,True,AAPL260904P00312500,AAPL,2026-09-04,9dte,312.5,put,315.15,3.44,3.5,670,105,3.4699999999999998,0.06,0.017291,0.9916,2026-08-26T19:46:15.477117527Z
2026-08-26T19:46:16.773519+00:00,True,SPY260904P00768000,SPY,2026-09-04,9dte,768.0,put,766.74,5.82,6.01,140,146,5.915,0.19,0.032122,1.0016,2026-08-26T19:46:15.742060356Z
2026-08-26T19:46:16.773519+00:00,True,META260904C00575000,META,2026-09-04,9dte,575.0,call,576.26,14.84,15.12,358,17,14.98,0.28,0.018692,0.9978,2026-08-26T19:46:15.952073137Z
2026-08-26T19:46:16.773519+00:00,True,AMZN260904C00262500,AMZN,2026-09-04,9dte,262.5,call,260.28,3.83,4.01,210,142,3.92,0.18,0.045918,1.0085,2026-08-26T19:46:15.573306779Z
2026-08-26T19:46:16.773519+00:00,True,AAPL260904C00312500,AAPL,2026-09-04,9dte,312.5,call,315.15,6.37,6.59,135,383,6.48,0.22,0.033951,0.9916,2026-08-26T19:46:15.867429615Z
2026-08-26T19:46:16.773519+00:00,True,SPY260904P00766000,SPY,2026-09-04,9dte,766.0,put,766.74,5.18,5.21,166,5,5.195,0.03,0.005775,0.999,2026-08-26T19:46:16.469079454Z
2026-08-26T19:46:16.773519+00:00,True,MU260904C00940000,MU,2026-09-04,9dte,940.0,call,936.92,37.69,39.38,48,114,38.535,1.69,0.043856,1.0033,2026-08-26T19:46:14.625462664Z
2026-08-26T19:46:16.773519+00:00,True,SPY260925P00767000,SPY,2026-09-25,30dte,767.0,put,766.74,10.64,10.73,121,65,10.685,0.09,0.008423,1.0003,2026-08-26T19:46:16.310391374Z
2026-08-26T19:46:16.773519+00:00,True,MU260904C00942500,MU,2026-09-04,9dte,942.5,call,936.92,36,38.04,29,30,37.019999999999996,2.04,0.055105,1.006,2026-08-26T19:46:13.996318682Z
2026-08-26T19:46:16.773519+00:00,True,GOOGL260904P00345000,GOOGL,2026-09-04,9dte,345.0,put,342.29,7.27,7.43,85,300,7.35,0.16,0.021769,1.0079,2026-08-26T19:46:15.884560532Z
2026-08-26T19:46:16.773519+00:00,True,TSLA260925P00345000,TSLA,2026-09-25,30dte,345.0,put,346.325,14.25,14.49,28,82,14.370000000000001,0.24,0.016701,0.9962,2026-08-26T19:46:16.561092165Z
2026-08-26T19:46:16.773519+00:00,True,TSLA260925P00340000,TSLA,2026-09-25,30dte,340.0,put,346.325,12.26,12.43,21,90,12.344999999999999,0.17,0.013771,0.9817,2026-08-26T19:46:16.561318403Z
2026-08-26T19:46:16.773519+00:00,True,TSLA260925P00350000,TSLA,2026-09-25,30dte,350.0,put,346.325,17.37,17.52,21,48,17.445,0.15,0.008598,1.0106,2026-08-26T19:46:16.561042334Z
2026-08-26T19:46:16.773519+00:00,True,GOOGL260904P00342500,GOOGL,2026-09-04,9dte,342.5,put,342.29,5.87,6.03,35,49,5.95,0.16,0.026891,1.0006,2026-08-26T19:46:16.370821857Z
2026-08-26T19:46:16.773519+00:00,True,MU260904P00935000,MU,2026-09-04,9dte,935.0,put,936.92,35.09,37.9,101,91,36.495000000000005,2.81,0.076997,0.998,2026-08-26T19:46:15.15607187Z
2026-08-26T19:46:16.773519+00:00,True,AMD260904P00480000,AMD,2026-09-04,9dte,480.0,put,479.9,17.08,17.31,13,70,17.195,0.23,0.013376,1.0002,2026-08-26T19:46:16.149030994Z
2026-08-26T19:46:16.773519+00:00,True,TSLA260925C00350000,TSLA,2026-09-25,30dte,350.0,call,346.325,14.95,15.2,309,33,15.075,0.25,0.016584,1.0106,2026-08-26T19:46:16.562207078Z
2026-08-26T19:46:16.773519+00:00,True,NVDA260925P00210000,NVDA,2026-09-25,30dte,210.0,put,209.6,9.87,10.02,234,455,9.945,0.15,0.015083,1.0019,2026-08-26T19:46:16.191029806Z
2026-08-26T19:46:16.773519+00:00,True,INTC260904C00089000,INTC,2026-09-04,9dte,89.0,call,87.655,2.81,2.96,863,41,2.885,0.15,0.051993,1.0153,2026-08-26T19:46:15.794280545Z
2026-08-26T19:46:16.773519+00:00,True,MU260904P00940000,MU,2026-09-04,9dte,940.0,put,936.92,39.47,40.43,54,30,39.95,0.96,0.02403,1.0033,2026-08-26T19:46:15.285354559Z
2026-08-26T19:46:16.773519+00:00,True,NVDA260925C00210000,NVDA,2026-09-25,30dte,210.0,call,209.6,10.06,10.16,3,95,10.11,0.1,0.009891,1.0019,2026-08-26T19:46:15.796056745Z
2026-08-26T19:46:16.773519+00:00,True,SPY260925P00766000,SPY,2026-09-25,30dte,766.0,put,766.74,10.39,10.44,121,65,10.415,0.05,0.004801,0.999,2026-08-26T19:46:16.310366706Z
2026-08-26T19:46:16.773519+00:00,True,INTC260904P00088000,INTC,2026-09-04,9dte,88.0,put,87.655,3.36,3.59,131,99,3.4749999999999996,0.23,0.066187,1.0039,2026-08-26T19:46:14.554835164Z
2026-08-26T19:46:16.773519+00:00,True,AMZN260904P00257500,AMZN,2026-09-04,9dte,257.5,put,260.28,3.32,3.47,41,283,3.395,0.15,0.044183,0.9893,2026-08-26T19:46:15.707141155Z
2026-08-26T19:46:16.773519+00:00,True,AMZN260904C00257500,AMZN,2026-09-04,9dte,257.5,call,260.28,6.33,6.62,468,12,6.475,0.29,0.044788,0.9893,2026-08-26T19:46:16.369541994Z
2026-08-26T19:46:16.773519+00:00,True,SPY260925C00767000,SPY,2026-09-25,30dte,767.0,call,766.74,11.38,11.43,120,155,11.405000000000001,0.05,0.004384,1.0003,2026-08-26T19:46:15.654919993Z
2026-08-26T19:46:16.773519+00:00,True,AMD260904C00482500,AMD,2026-09-04,9dte,482.5,call,479.9,16.329,16.82,81,40,16.5745,0.491,0.029624,1.0054,2026-08-26T19:46:15.455492129Z
2026-08-26T19:46:16.773519+00:00,True,GOOGL260904C00340000,GOOGL,2026-09-04,9dte,340.0,call,342.29,7.13,7.53,292,71,7.33,0.4,0.05457,0.9933,2026-08-26T19:46:13.251036484Z
2026-08-26T19:46:16.773519+00:00,True,SPY260925C00768000,SPY,2026-09-25,30dte,768.0,call,766.74,10.81,11.02,120,65,10.915,0.21,0.01924,1.0016,2026-08-26T19:46:16.469087816Z
2026-08-26T19:46:16.773519+00:00,True,SPY260925P00768000,SPY,2026-09-25,30dte,768.0,put,766.74,11.11,11.23,120,65,11.17,0.12,0.010743,1.0016,2026-08-26T19:46:15.151658367Z
2026-08-26T19:46:16.773519+00:00,True,GOOGL260904P00340000,GOOGL,2026-09-04,9dte,340.0,put,342.29,4.67,4.73,28,105,4.7,0.06,0.012766,0.9933,2026-08-26T19:46:16.370738091Z
2026-08-26T19:46:16.773519+00:00,True,TSLA260925C00345000,TSLA,2026-09-25,30dte,345.0,call,346.325,16.78,17.28,347,62,17.03,0.5,0.02936,0.9962,2026-08-26T19:46:15.152627971Z
2026-08-26T19:46:16.773519+00:00,True,SPY260925C00766000,SPY,2026-09-25,30dte,766.0,call,766.74,11.81,12.1,118,152,11.955,0.29,0.024258,0.999,2026-08-26T19:46:16.469563223Z
2026-08-26T19:46:16.773519+00:00,True,MU260904C00930000,MU,2026-09-04,9dte,930.0,call,936.92,41.75,44.34,117,121,43.045,2.59,0.06017,0.9926,2026-08-26T19:46:15.721373435Z
2026-08-26T19:46:16.773519+00:00,True,AMD260904C00477500,AMD,2026-09-04,9dte,477.5,call,479.9,18.46,19.58,63,29,19.02,1.12,0.058885,0.995,2026-08-26T19:46:15.526115589Z
2026-08-26T19:46:16.773519+00:00,True,INTC260904P00089000,INTC,2026-09-04,9dte,89.0,put,87.655,4.07,4.16,25,64,4.115,0.09,0.021871,1.0153,2026-08-26T19:46:14.495678191Z
2026-08-26T19:46:16.773519+00:00,True,AMD260904C00480000,AMD,2026-09-04,9dte,480.0,call,479.9,17.63,18.03,51,47,17.83,0.4,0.022434,1.0002,2026-08-26T19:46:15.915809808Z
2026-08-26T19:46:16.773519+00:00,True,AMD260904P00477500,AMD,2026-09-04,9dte,477.5,put,479.9,15.67,16.2,26,63,15.934999999999999,0.53,0.03326,0.995,2026-08-26T19:46:15.566441649Z
2026-08-26T19:46:16.773519+00:00,True,INTC260904C00087000,INTC,2026-09-04,9dte,87.0,call,87.655,3.6,3.81,484,13,3.705,0.21,0.05668,0.9925,2026-08-26T19:46:14.701258472Z
2026-08-26T19:46:16.773519+00:00,True,GOOGL260904C00342500,GOOGL,2026-09-04,9dte,342.5,call,342.29,5.61,6.01,502,25,5.8100000000000005,0.4,0.068847,1.0006,2026-08-26T19:46:14.134104768Z
2026-08-26T19:46:16.773519+00:00,True,INTC260904P00087000,INTC,2026-09-04,9dte,87.0,put,87.655,2.87,3.03,10,567,2.95,0.16,0.054237,0.9925,2026-08-26T19:46:15.698346845Z
2026-08-26T19:46:16.773519+00:00,True,AMD260904P00482500,AMD,2026-09-04,9dte,482.5,put,479.9,18.24,18.92,6,146,18.58,0.68,0.036598,1.0054,2026-08-26T19:46:15.639716377Z
2026-08-26T19:46:16.773519+00:00,True,TSLA260925C00340000,TSLA,2026-09-25,30dte,340.0,call,346.325,19.99,20.03,329,262,20.009999999999998,0.04,0.001999,0.9817,2026-08-26T19:46:16.489784244Z
2026-08-26T19:46:16.773519+00:00,True,INTC260904C00088000,INTC,2026-09-04,9dte,88.0,call,87.655,3.18,3.37,792,297,3.2750000000000004,0.19,0.058015,1.0039,2026-08-26T19:46:15.751288014Z
2026-08-26T19:46:16.773519+00:00,True,GOOGL260904C00345000,GOOGL,2026-09-04,9dte,345.0,call,342.29,4.83,4.92,137,133,4.875,0.09,0.018462,1.0079,2026-08-26T19:46:13.82530227Z
2026-08-26T19:46:16.773519+00:00,True,MU260904C00935000,MU,2026-09-04,9dte,935.0,call,936.92,39.25,41.26,54,114,40.254999999999995,2.01,0.049932,0.998,2026-08-26T19:46:12.045145943Z
2026-08-26T19:46:16.773519+00:00,True,META260925P00570000,META,2026-09-25,30dte,570.0,put,576.26,19.28,20.53,113,139,19.905,1.25,0.062798,0.9891,2026-08-26T19:46:15.955178593Z
2026-08-26T19:46:16.773519+00:00,True,GOOGL260925P00345000,GOOGL,2026-09-25,30dte,345.0,put,342.29,11.4,11.93,39,194,11.665,0.53,0.045435,1.0079,2026-08-26T19:46:12.750956282Z
2026-08-26T19:46:16.773519+00:00,True,MSFT260925P00490000,MSFT,2026-09-25,30dte,490.0,put,496.57,10.53,10.85,58,162,10.69,0.32,0.029935,0.9868,2026-08-26T19:46:15.137574011Z
2026-08-26T19:46:16.773519+00:00,True,GOOGL260925C00335000,GOOGL,2026-09-25,30dte,335.0,call,342.29,14.78,16.37,111,169,15.575,1.59,0.102087,0.9787,2026-08-26T19:46:10.73786727Z
2026-08-26T19:46:16.773519+00:00,True,AMZN260925C00260000,AMZN,2026-09-25,30dte,260.0,call,260.28,8.78,9.11,216,44,8.945,0.33,0.036892,0.9989,2026-08-26T19:46:16.671409795Z
2026-08-26T19:46:16.773519+00:00,True,INTC260925C00088000,INTC,2026-09-25,30dte,88.0,call,87.655,5.81,6.25,162,550,6.029999999999999,0.44,0.072968,1.0039,2026-08-26T19:46:14.564548768Z
2026-08-26T19:46:16.773519+00:00,True,AMZN260925P00265000,AMZN,2026-09-25,30dte,265.0,put,260.28,10.53,10.67,9,142,10.6,0.14,0.013208,1.0181,2026-08-26T19:46:16.176056183Z
2026-08-26T19:46:16.773519+00:00,True,META260925C00580000,META,2026-09-25,30dte,580.0,call,576.26,22.45,23.74,351,50,23.095,1.29,0.055856,1.0065,2026-08-26T19:46:15.95633759Z
2026-08-26T19:46:16.773519+00:00,True,NVDA260925C00215000,NVDA,2026-09-25,30dte,215.0,call,209.6,7.81,7.94,337,333,7.875,0.13,0.016508,1.0258,2026-08-26T19:46:16.138061357Z
2026-08-26T19:46:16.773519+00:00,True,INTC260925P00089000,INTC,2026-09-25,30dte,89.0,put,87.655,6.34,6.67,7,294,6.505,0.33,0.05073,1.0153,2026-08-26T19:46:15.880183547Z
2026-08-26T19:46:16.773519+00:00,True,GOOGL260925P00340000,GOOGL,2026-09-25,30dte,340.0,put,342.29,9.2,9.94,3,325,9.57,0.74,0.077325,0.9933,2026-08-26T19:46:15.149467548Z
2026-08-26T19:46:16.773519+00:00,True,MSFT260925C00500000,MSFT,2026-09-25,30dte,500.0,call,496.57,13.12,13.64,39,75,13.379999999999999,0.52,0.038864,1.0069,2026-08-26T19:46:16.577271588Z
2026-08-26T19:46:16.773519+00:00,True,AMZN260925C00265000,AMZN,2026-09-25,30dte,265.0,call,260.28,6.58,6.79,173,12,6.6850000000000005,0.21,0.031414,1.0181,2026-08-26T19:46:15.208265092Z
2026-08-26T19:46:16.773519+00:00,True,NVDA260925P00215000,NVDA,2026-09-25,30dte,215.0,put,209.6,12.55,12.7,222,304,12.625,0.15,0.011881,1.0258,2026-08-26T19:46:16.132389949Z
2026-08-26T19:46:16.773519+00:00,True,META260925C00570000,META,2026-09-25,30dte,570.0,call,576.26,27.14,28.48,288,162,27.810000000000002,1.34,0.048184,0.9891,2026-08-26T19:46:15.950417464Z
2026-08-26T19:46:16.773519+00:00,True,GOOGL260925C00340000,GOOGL,2026-09-25,30dte,340.0,call,342.29,12.18,13.05,278,105,12.615,0.87,0.068966,0.9933,2026-08-26T19:46:14.056432459Z
2026-08-26T19:46:16.773519+00:00,True,MSFT260925P00495000,MSFT,2026-09-25,30dte,495.0,put,496.57,12.29,12.94,40,82,12.614999999999998,0.65,0.051526,0.9968,2026-08-26T19:46:15.550552225Z
2026-08-26T19:46:16.773519+00:00,True,INTC260925C00089000,INTC,2026-09-25,30dte,89.0,call,87.655,5.51,5.57,90,14,5.54,0.06,0.01083,1.0153,2026-08-26T19:46:14.554607675Z
2026-08-26T19:46:16.773519+00:00,True,META260925C00575000,META,2026-09-25,30dte,575.0,call,576.26,24.66,26.47,117,219,25.564999999999998,1.81,0.0708,0.9978,2026-08-26T19:46:16.06148208Z
2026-08-26T19:46:16.773519+00:00,True,META260925P00575000,META,2026-09-25,30dte,575.0,put,576.26,22.12,22.72,37,159,22.42,0.6,0.026762,0.9978,2026-08-26T19:46:15.95334977Z
2026-08-26T19:46:16.773519+00:00,True,GOOGL260925C00345000,GOOGL,2026-09-25,30dte,345.0,call,342.29,9.54,10.27,341,20,9.905,0.73,0.0737,1.0079,2026-08-26T19:46:16.636396772Z
2026-08-26T19:46:16.773519+00:00,True,NVDA260925C00205000,NVDA,2026-09-25,30dte,205.0,call,209.6,12.51,12.82,412,124,12.665,0.31,0.024477,0.9781,2026-08-26T19:46:16.152414068Z
2026-08-26T19:46:16.773519+00:00,True,AAPL260925P00310000,AAPL,2026-09-25,30dte,310.0,put,315.15,6.11,6.52,4,409,6.3149999999999995,0.41,0.064925,0.9837,2026-08-26T19:46:15.620359242Z
2026-08-26T19:46:16.773519+00:00,True,AAPL260925C00320000,AAPL,2026-09-25,30dte,320.0,call,315.15,7.03,7.24,89,481,7.135,0.21,0.029432,1.0154,2026-08-26T19:46:15.554071293Z
2026-08-26T19:46:16.773519+00:00,True,AAPL260925P00320000,AAPL,2026-09-25,30dte,320.0,put,315.15,11.05,11.25,25,59,11.15,0.2,0.017937,1.0154,2026-08-26T19:46:16.618053129Z
2026-08-26T19:46:16.773519+00:00,True,AMZN260925P00260000,AMZN,2026-09-25,30dte,260.0,put,260.28,7.92,8.07,35,155,7.995,0.15,0.018762,0.9989,2026-08-26T19:46:15.607065719Z
2026-08-26T19:46:16.773519+00:00,True,INTC260925C00087000,INTC,2026-09-25,30dte,87.0,call,87.655,6.28,6.52,765,574,6.4,0.24,0.0375,0.9925,2026-08-26T19:46:14.558609929Z
2026-08-26T19:46:16.773519+00:00,True,NVDA260925P00205000,NVDA,2026-09-25,30dte,205.0,put,209.6,7.18,7.57,245,465,7.375,0.39,0.052881,0.9781,2026-08-26T19:46:16.138188891Z
2026-08-26T19:46:16.773519+00:00,True,AAPL260925C00315000,AAPL,2026-09-25,30dte,315.0,call,315.15,9.61,9.72,287,366,9.665,0.11,0.011381,0.9995,2026-08-26T19:46:15.86765974Z
2026-08-26T19:46:16.773519+00:00,True,AMZN260925P00255000,AMZN,2026-09-25,30dte,255.0,put,260.28,5.71,6.07,73,316,5.890000000000001,0.36,0.061121,0.9797,2026-08-26T19:46:15.75799865Z
2026-08-26T19:46:16.773519+00:00,True,AAPL260925C00310000,AAPL,2026-09-25,30dte,310.0,call,315.15,12.15,12.73,357,447,12.440000000000001,0.58,0.046624,0.9837,2026-08-26T19:46:15.872805967Z
2026-08-26T19:46:16.773519+00:00,True,MSFT260925P00500000,MSFT,2026-09-25,30dte,500.0,put,496.57,14.74,15.41,24,58,15.075,0.67,0.044444,1.0069,2026-08-26T19:46:15.550607508Z
2026-08-26T19:46:16.773519+00:00,True,META260925P00580000,META,2026-09-25,30dte,580.0,put,576.26,24.36,25.58,30,159,24.97,1.22,0.048859,1.0065,2026-08-26T19:46:15.951264823Z
2026-08-26T19:46:16.773519+00:00,True,AMZN260925C00255000,AMZN,2026-09-25,30dte,255.0,call,260.28,11.7,12,136,23,11.85,0.3,0.025316,0.9797,2026-08-26T19:46:15.787958534Z
2026-08-26T19:46:16.773519+00:00,True,AAPL260925P00315000,AAPL,2026-09-25,30dte,315.0,put,315.15,8.22,8.6,76,161,8.41,0.38,0.045184,0.9995,2026-08-26T19:46:15.633110403Z
2026-08-26T19:46:16.773519+00:00,True,INTC260925P00087000,INTC,2026-09-25,30dte,87.0,put,87.655,5.35,5.52,483,495,5.435,0.17,0.031279,0.9925,2026-08-26T19:46:14.621299177Z
2026-08-26T19:46:16.773519+00:00,True,INTC260925P00088000,INTC,2026-09-25,30dte,88.0,put,87.655,5.86,5.99,474,29,5.925000000000001,0.13,0.021941,1.0039,2026-08-26T19:46:16.497030604Z
2026-08-26T19:46:16.773519+00:00,True,MSFT260925C00495000,MSFT,2026-09-25,30dte,495.0,call,496.57,15.92,16.4,33,73,16.16,0.48,0.029703,0.9968,2026-08-26T19:46:15.149733272Z
2026-08-26T19:46:16.773519+00:00,True,GOOGL260925P00335000,GOOGL,2026-09-25,30dte,335.0,put,342.29,7.07,7.43,17,122,7.25,0.36,0.049655,0.9787,2026-08-26T19:46:13.931670211Z
2026-08-26T19:46:16.773519+00:00,True,MSFT260925C00490000,MSFT,2026-09-25,30dte,490.0,call,496.57,18.43,19.13,29,48,18.78,0.7,0.037274,0.9868,2026-08-26T19:46:15.278233959Z
2026-08-26T19:46:16.773519+00:00,True,MU260925P00940000,MU,2026-09-25,30dte,940.0,put,936.92,67.15,71.1,83,102,69.125,3.95,0.057143,1.0033,2026-08-26T19:46:14.620761729Z
2026-08-26T19:46:16.773519+00:00,True,AMD260925C00475000,AMD,2026-09-25,30dte,475.0,call,479.9,31.66,33.89,64,92,32.775,2.23,0.06804,0.9898,2026-08-26T19:46:14.39155503Z
2026-08-26T19:46:16.773519+00:00,True,AMD260925P00475000,AMD,2026-09-25,30dte,475.0,put,479.9,24.73,27.49,107,103,26.11,2.76,0.105707,0.9898,2026-08-26T19:46:15.896781851Z
2026-08-26T19:46:16.773519+00:00,True,MU260925P00930000,MU,2026-09-25,30dte,930.0,put,936.92,59.75,65.209,91,110,62.4795,5.459,0.087373,0.9926,2026-08-26T19:46:15.196278477Z
2026-08-26T19:46:16.773519+00:00,True,AMD260925P00480000,AMD,2026-09-25,30dte,480.0,put,479.9,28.76,29.67,44,96,29.215000000000003,0.91,0.031148,1.0002,2026-08-26T19:46:14.391981391Z
2026-08-26T19:46:16.773519+00:00,True,AMD260925C00485000,AMD,2026-09-25,30dte,485.0,call,479.9,27.43,29.43,103,102,28.43,2.0,0.070348,1.0106,2026-08-26T19:46:15.975876044Z
2026-08-26T19:46:16.773519+00:00,True,AMD260925P00485000,AMD,2026-09-25,30dte,485.0,put,479.9,29.6,32.08,104,111,30.84,2.48,0.080415,1.0106,2026-08-26T19:46:16.147654852Z
2026-08-26T19:46:16.773519+00:00,True,MU260925P00935000,MU,2026-09-25,30dte,935.0,put,936.92,62.25,68.36,75,96,65.305,6.11,0.093561,0.998,2026-08-26T19:46:15.004912872Z
2026-08-26T19:46:16.773519+00:00,True,MU260925C00930000,MU,2026-09-25,30dte,930.0,call,936.92,73.52,75.54,3,125,74.53,2.02,0.027103,0.9926,2026-08-26T19:46:14.620592763Z
2026-08-26T19:46:16.773519+00:00,True,MU260925C00940000,MU,2026-09-25,30dte,940.0,call,936.92,68.71,71.44,54,159,70.07499999999999,2.73,0.038958,1.0033,2026-08-26T19:46:15.558086194Z
2026-08-26T19:46:16.773519+00:00,True,MU260925C00935000,MU,2026-09-25,30dte,935.0,call,936.92,69.35,73.66,32,137,71.505,4.31,0.060276,0.998,2026-08-26T19:46:14.078816527Z
2026-08-26T19:46:16.773519+00:00,True,AMD260925C00480000,AMD,2026-09-25,30dte,480.0,call,479.9,30.13,31.23,8,44,30.68,1.1,0.035854,1.0002,2026-08-26T19:46:15.896801882Z
