captured_at,account,host,rth,symbol,underlying,expiry,tenor,strike,type,spot,bid,ask,bid_sz,ask_sz,mid,spread,spread_pct,moneyness,quote_t
2026-09-01T19:50:05.446946+00:00,PA3BUA9MX72C,Jamies-MacBook-Pro.local,True,NVDA260911P00205000,NVDA,2026-09-11,9dte,205.0,put,217.595,0.87,0.95,18.0,27.0,0.91,0.08,0.087912,0.9421,2026-09-01T19:49:58.871752909Z
2026-09-01T19:50:05.446946+00:00,PA3BUA9MX72C,Jamies-MacBook-Pro.local,True,SPY260911C00776000,SPY,2026-09-11,9dte,776.0,call,761.26,0.9,0.94,106.0,157.0,0.92,0.04,0.043478,1.0194,2026-09-01T19:50:02.519660021Z
2026-09-01T19:50:05.446946+00:00,PA3BUA9MX72C,Jamies-MacBook-Pro.local,True,NVDA260911P00210000,NVDA,2026-09-11,9dte,210.0,put,217.595,1.74,1.78,1.0,12.0,1.76,0.04,0.022727,0.9651,2026-09-01T19:49:59.334286153Z
2026-09-01T19:50:05.446946+00:00,PA3BUA9MX72C,Jamies-MacBook-Pro.local,True,TSLA260911P00335000,TSLA,2026-09-11,9dte,335.0,put,356.055,2.23,2.26,32.0,43.0,2.245,0.03,0.013363,0.9409,2026-09-01T19:50:02.21627499Z
2026-09-01T19:50:05.446946+00:00,PA3BUA9MX72C,Jamies-MacBook-Pro.local,True,NVDA260911P00217500,NVDA,2026-09-11,9dte,217.5,put,217.595,4.21,4.44,28.0,50.0,4.325,0.23,0.053179,0.9996,2026-09-01T19:50:00.001538121Z
2026-09-01T19:50:05.446946+00:00,PA3BUA9MX72C,Jamies-MacBook-Pro.local,True,SPY260911P00716000,SPY,2026-09-11,9dte,716.0,put,761.26,0.4,0.42,334.0,51.0,0.41,0.02,0.04878,0.9405,2026-09-01T19:50:02.78561831Z
2026-09-01T19:50:05.446946+00:00,PA3BUA9MX72C,Jamies-MacBook-Pro.local,True,NVDA260911P00197500,NVDA,2026-09-11,9dte,197.5,put,217.595,0.36,0.41,7.0,28.0,0.385,0.05,0.12987,0.9076,2026-09-01T19:49:59.004946409Z
2026-09-01T19:50:05.446946+00:00,PA3BUA9MX72C,Jamies-MacBook-Pro.local,True,TSLA260911P00350000,TSLA,2026-09-11,9dte,350.0,put,356.055,6.1,6.28,22.0,59.0,6.19,0.18,0.029079,0.983,2026-09-01T19:50:02.208752051Z
2026-09-01T19:50:05.446946+00:00,PA3BUA9MX72C,Jamies-MacBook-Pro.local,True,TSLA260911P00290000,TSLA,2026-09-11,9dte,290.0,put,356.055,0.16,0.19,13.0,9.0,0.175,0.03,0.171429,0.8145,2026-09-01T19:50:02.12890302Z
2026-09-01T19:50:05.446946+00:00,PA3BUA9MX72C,Jamies-MacBook-Pro.local,True,TSLA260911P00325000,TSLA,2026-09-11,9dte,325.0,put,356.055,0.86,1.09,79.0,54.0,0.975,0.23,0.235897,0.9128,2026-09-01T19:50:02.470836394Z
2026-09-01T19:50:05.446946+00:00,PA3BUA9MX72C,Jamies-MacBook-Pro.local,True,SPY260911P00625000,SPY,2026-09-11,9dte,625.0,put,761.26,0.04,0.09,435.0,428.0,0.065,0.05,0.769231,0.821,2026-09-01T19:50:02.433778286Z
2026-09-01T19:50:05.446946+00:00,PA3BUA9MX72C,Jamies-MacBook-Pro.local,True,SPY260911C00799000,SPY,2026-09-11,9dte,799.0,call,761.26,0.03,0.04,887.0,670.0,0.035,0.01,0.285714,1.0496,2026-09-01T19:50:02.433583534Z
2026-09-01T19:50:05.446946+00:00,PA3BUA9MX72C,Jamies-MacBook-Pro.local,True,SPY260911P00680000,SPY,2026-09-11,9dte,680.0,put,761.26,0.13,0.18,319.0,319.0,0.155,0.05,0.322581,0.8933,2026-09-01T19:50:02.433788343Z
2026-09-01T19:50:05.446946+00:00,PA3BUA9MX72C,Jamies-MacBook-Pro.local,True,SPY260911P00645000,SPY,2026-09-11,9dte,645.0,put,761.26,0.1,0.11,457.0,313.0,0.105,0.01,0.095238,0.8473,2026-09-01T19:50:02.433447547Z
2026-09-01T19:50:05.446946+00:00,PA3BUA9MX72C,Jamies-MacBook-Pro.local,True,TSLA260911C00355000,TSLA,2026-09-11,9dte,355.0,call,356.055,10.15,10.26,23.0,62.0,10.205,0.11,0.010779,0.997,2026-09-01T19:50:02.172714449Z
2026-09-01T19:50:05.446946+00:00,PA3BUA9MX72C,Jamies-MacBook-Pro.local,True,SPY260911P00660000,SPY,2026-09-11,9dte,660.0,put,761.26,0.12,0.13,476.0,315.0,0.125,0.01,0.08,0.867,2026-09-01T19:50:02.433773438Z
2026-09-01T19:50:05.446946+00:00,PA3BUA9MX72C,Jamies-MacBook-Pro.local,True,NVDA260911P00192500,NVDA,2026-09-11,9dte,192.5,put,217.595,0.26,0.28,21.0,265.0,0.27,0.02,0.074074,0.8847,2026-09-01T19:49:59.005832789Z
2026-09-01T19:50:05.446946+00:00,PA3BUA9MX72C,Jamies-MacBook-Pro.local,True,TSLA260911P00340000,TSLA,2026-09-11,9dte,340.0,put,356.055,2.77,3.28,210.0,145.0,3.025,0.51,0.168595,0.9549,2026-09-01T19:50:02.261447962Z
2026-09-01T19:50:05.446946+00:00,PA3BUA9MX72C,Jamies-MacBook-Pro.local,True,NVDA260911P00180000,NVDA,2026-09-11,9dte,180.0,put,217.595,0.13,0.15,71.0,263.0,0.14,0.02,0.142857,0.8272,2026-09-01T19:49:59.005657404Z
2026-09-01T19:50:05.446946+00:00,PA3BUA9MX72C,Jamies-MacBook-Pro.local,True,SPY260911P00727000,SPY,2026-09-11,9dte,727.0,put,761.26,0.62,0.69,109.0,7.0,0.655,0.07,0.10687,0.955,2026-09-01T19:50:02.504979633Z
2026-09-01T19:50:05.446946+00:00,PA3BUA9MX72C,Jamies-MacBook-Pro.local,True,SPY260911P00704000,SPY,2026-09-11,9dte,704.0,put,761.26,0.27,0.29,443.0,328.0,0.28,0.02,0.071429,0.9248,2026-09-01T19:50:02.433407372Z
2026-09-01T19:50:05.446946+00:00,PA3BUA9MX72C,Jamies-MacBook-Pro.local,True,NVDA260911P00215000,NVDA,2026-09-11,9dte,215.0,put,217.595,3.14,3.36,68.0,60.0,3.25,0.22,0.067692,0.9881,2026-09-01T19:50:00.001753331Z
2026-09-01T19:50:05.446946+00:00,PA3BUA9MX72C,Jamies-MacBook-Pro.local,True,TSLA260911P00317500,TSLA,2026-09-11,9dte,317.5,put,356.055,0.61,0.69,59.0,46.0,0.65,0.08,0.123077,0.8917,2026-09-01T19:50:02.126401421Z
2026-09-01T19:50:05.446946+00:00,PA3BUA9MX72C,Jamies-MacBook-Pro.local,True,SPY260911P00761000,SPY,2026-09-11,9dte,761.0,put,761.26,5.81,5.87,108.0,8.0,5.84,0.06,0.010274,0.9997,2026-09-01T19:50:02.573161197Z
2026-09-01T19:50:05.446946+00:00,PA3BUA9MX72C,Jamies-MacBook-Pro.local,True,TSLA260911P00302500,TSLA,2026-09-11,9dte,302.5,put,356.055,0.24,0.37,83.0,123.0,0.305,0.13,0.42623,0.8496,2026-09-01T19:50:02.381759251Z
2026-09-01T19:50:05.446946+00:00,PA3BUA9MX72C,Jamies-MacBook-Pro.local,True,TSLA260911P00310000,TSLA,2026-09-11,9dte,310.0,put,356.055,0.39,0.42,70.0,35.0,0.405,0.03,0.074074,0.8707,2026-09-01T19:50:02.636200574Z
2026-09-01T19:50:05.446946+00:00,PA3BUA9MX72C,Jamies-MacBook-Pro.local,True,NVDA260911P00207500,NVDA,2026-09-11,9dte,207.5,put,217.595,1.22,1.26,1.0,6.0,1.24,0.04,0.032258,0.9536,2026-09-01T19:50:00.082488532Z
2026-09-01T19:50:05.446946+00:00,PA3BUA9MX72C,Jamies-MacBook-Pro.local,True,SPY260911C00761000,SPY,2026-09-11,9dte,761.0,call,761.26,6.84,6.9,6.0,60.0,6.87,0.06,0.008734,0.9997,2026-09-01T19:50:02.492849921Z
2026-09-01T19:50:05.446946+00:00,PA3BUA9MX72C,Jamies-MacBook-Pro.local,True,SPY260911P00750000,SPY,2026-09-11,9dte,750.0,put,761.26,2.73,2.88,74.0,23.0,2.805,0.15,0.053476,0.9852,2026-09-01T19:50:02.494308503Z
2026-09-01T19:50:05.446946+00:00,PA3BUA9MX72C,Jamies-MacBook-Pro.local,True,TSLA260911P00355000,TSLA,2026-09-11,9dte,355.0,put,356.055,8.57,8.77,54.0,28.0,8.67,0.2,0.023068,0.997,2026-09-01T19:50:02.329860776Z
2026-09-01T19:50:05.446946+00:00,PA3BUA9MX72C,Jamies-MacBook-Pro.local,True,SPY260911P00693000,SPY,2026-09-11,9dte,693.0,put,761.26,0.17,0.19,451.0,327.0,0.18,0.02,0.111111,0.9103,2026-09-01T19:50:02.433633401Z
2026-09-01T19:50:05.446946+00:00,PA3BUA9MX72C,Jamies-MacBook-Pro.local,True,TSLA260911P00345000,TSLA,2026-09-11,9dte,345.0,put,356.055,4.42,4.87,67.0,170.0,4.645,0.45,0.096878,0.969,2026-09-01T19:50:02.450703482Z
2026-09-01T19:50:05.446946+00:00,PA3BUA9MX72C,Jamies-MacBook-Pro.local,True,TSLA260911C00362500,TSLA,2026-09-11,9dte,362.5,call,356.055,6.28,7.22,44.0,1.0,6.75,0.94,0.139259,1.0181,2026-09-01T19:50:00.552341742Z
2026-09-01T19:50:05.446946+00:00,PA3BUA9MX72C,Jamies-MacBook-Pro.local,True,TSLA260911C00375000,TSLA,2026-09-11,9dte,375.0,call,356.055,3.17,3.32,81.0,30.0,3.245,0.15,0.046225,1.0532,2026-09-01T19:50:01.758951028Z
2026-09-01T19:50:05.446946+00:00,PA3BUA9MX72C,Jamies-MacBook-Pro.local,True,TSLA260911P00330000,TSLA,2026-09-11,9dte,330.0,put,356.055,1.49,1.56,45.0,51.0,1.525,0.07,0.045902,0.9268,2026-09-01T19:50:02.271030502Z
2026-09-01T19:50:05.446946+00:00,PA3BUA9MX72C,Jamies-MacBook-Pro.local,True,NVDA260911P00190000,NVDA,2026-09-11,9dte,190.0,put,217.595,0.22,0.24,10.0,65.0,0.23,0.02,0.086957,0.8732,2026-09-01T19:49:59.947095097Z
2026-09-01T19:50:05.446946+00:00,PA3BUA9MX72C,Jamies-MacBook-Pro.local,True,NVDA260911P00185000,NVDA,2026-09-11,9dte,185.0,put,217.595,0.13,0.18,18.0,248.0,0.155,0.05,0.322581,0.8502,2026-09-01T19:49:59.004890511Z
2026-09-01T19:50:05.446946+00:00,PA3BUA9MX72C,Jamies-MacBook-Pro.local,True,SPY260911P00738000,SPY,2026-09-11,9dte,738.0,put,761.26,1.27,1.28,79.0,54.0,1.275,0.01,0.007843,0.9694,2026-09-01T19:50:02.37550942Z
2026-09-01T19:50:05.446946+00:00,PA3BUA9MX72C,Jamies-MacBook-Pro.local,True,NVDA260911P00202500,NVDA,2026-09-11,9dte,202.5,put,217.595,0.62,0.66,64.0,14.0,0.64,0.04,0.0625,0.9306,2026-09-01T19:50:00.029048434Z
2026-09-01T19:50:05.446946+00:00,PA3BUA9MX72C,Jamies-MacBook-Pro.local,True,NVDA260911C00217500,NVDA,2026-09-11,9dte,217.5,call,217.595,4.32,4.53,26.0,67.0,4.425,0.21,0.047458,0.9996,2026-09-01T19:50:00.022847077Z
2026-09-01T19:50:05.446946+00:00,PA3BUA9MX72C,Jamies-MacBook-Pro.local,True,AAPL260911P00265000,AAPL,2026-09-11,9dte,265.0,put,325.73,0.01,0.07,12.0,16.0,0.04,0.06,1.5,0.8136,2026-09-01T19:49:59.493176665Z
2026-09-01T19:50:05.446946+00:00,PA3BUA9MX72C,Jamies-MacBook-Pro.local,True,MSFT260911P00470000,MSFT,2026-09-11,9dte,470.0,put,500.715,0.75,0.84,12.0,2.0,0.795,0.09,0.113208,0.9387,2026-09-01T19:50:00.052076032Z
2026-09-01T19:50:05.446946+00:00,PA3BUA9MX72C,Jamies-MacBook-Pro.local,True,MSFT260911P00485000,MSFT,2026-09-11,9dte,485.0,put,500.715,2.46,2.8,5.0,14.0,2.63,0.34,0.129278,0.9686,2026-09-01T19:50:00.022024187Z
2026-09-01T19:50:05.446946+00:00,PA3BUA9MX72C,Jamies-MacBook-Pro.local,True,META260911P00580000,META,2026-09-11,9dte,580.0,put,579.67,12.16,13.76,24.0,24.0,12.96,1.6,0.123457,1.0006,2026-09-01T19:50:00.038424457Z
2026-09-01T19:50:05.446946+00:00,PA3BUA9MX72C,Jamies-MacBook-Pro.local,True,MSFT260911P00477500,MSFT,2026-09-11,9dte,477.5,put,500.715,1.33,1.49,12.0,8.0,1.41,0.16,0.113475,0.9536,2026-09-01T19:50:00.067713001Z
2026-09-01T19:50:05.446946+00:00,PA3BUA9MX72C,Jamies-MacBook-Pro.local,True,MSFT260911P00425000,MSFT,2026-09-11,9dte,425.0,put,500.715,0.04,0.19,6.0,20.0,0.115,0.15,1.304348,0.8488,2026-09-01T19:49:59.983858211Z
2026-09-01T19:50:05.446946+00:00,PA3BUA9MX72C,Jamies-MacBook-Pro.local,True,META260911P00570000,META,2026-09-11,9dte,570.0,put,579.67,8.08,9.35,24.0,24.0,8.715,1.27,0.145726,0.9833,2026-09-01T19:50:00.033578078Z
2026-09-01T19:50:05.446946+00:00,PA3BUA9MX72C,Jamies-MacBook-Pro.local,True,AAPL260911C00342500,AAPL,2026-09-11,9dte,342.5,call,325.73,0.91,1.05,22.0,8.0,0.98,0.14,0.142857,1.0515,2026-09-01T19:50:00.018215949Z
2026-09-01T19:50:05.446946+00:00,PA3BUA9MX72C,Jamies-MacBook-Pro.local,True,META260911P00527500,META,2026-09-11,9dte,527.5,put,579.67,0.77,0.98,16.0,4.0,0.875,0.21,0.24,0.91,2026-09-01T19:50:00.047280629Z
2026-09-01T19:50:05.446946+00:00,PA3BUA9MX72C,Jamies-MacBook-Pro.local,True,NVDA260911C00222500,NVDA,2026-09-11,9dte,222.5,call,217.595,2.28,2.37,28.0,62.0,2.325,0.09,0.03871,1.0225,2026-09-01T19:50:00.026020132Z
2026-09-01T19:50:05.446946+00:00,PA3BUA9MX72C,Jamies-MacBook-Pro.local,True,MSFT260911C00525000,MSFT,2026-09-11,9dte,525.0,call,500.715,1.12,1.25,1.0,8.0,1.185,0.13,0.109705,1.0485,2026-09-01T19:50:00.000322523Z
2026-09-01T19:50:05.446946+00:00,PA3BUA9MX72C,Jamies-MacBook-Pro.local,True,MSFT260911P00445000,MSFT,2026-09-11,9dte,445.0,put,500.715,0.12,0.17,5.0,5.0,0.145,0.05,0.344828,0.8887,2026-09-01T19:50:00.304457386Z
2026-09-01T19:50:05.446946+00:00,PA3BUA9MX72C,Jamies-MacBook-Pro.local,True,MSFT260911P00500000,MSFT,2026-09-11,9dte,500.0,put,500.715,7.17,7.45,4.0,6.0,7.31,0.28,0.038304,0.9986,2026-09-01T19:50:00.098466145Z
2026-09-01T19:50:05.446946+00:00,PA3BUA9MX72C,Jamies-MacBook-Pro.local,True,MSFT260911P00410000,MSFT,2026-09-11,9dte,410.0,put,500.715,0.02,0.06,3.0,7.0,0.04,0.04,1.0,0.8188,2026-09-01T19:50:00.049270518Z
2026-09-01T19:50:05.446946+00:00,PA3BUA9MX72C,Jamies-MacBook-Pro.local,True,AAPL260911C00332500,AAPL,2026-09-11,9dte,332.5,call,325.73,2.96,3.18,10.0,8.0,3.07,0.22,0.071661,1.0208,2026-09-01T19:50:00.151639541Z
2026-09-01T19:50:05.446946+00:00,PA3BUA9MX72C,Jamies-MacBook-Pro.local,True,NVDA260911C00227500,NVDA,2026-09-11,9dte,227.5,call,217.595,1.11,1.14,3.0,48.0,1.125,0.03,0.026667,1.0455,2026-09-01T19:49:59.908725191Z
2026-09-01T19:50:05.446946+00:00,PA3BUA9MX72C,Jamies-MacBook-Pro.local,True,AAPL260911P00325000,AAPL,2026-09-11,9dte,325.0,put,325.73,5.05,5.44,10.0,76.0,5.245,0.39,0.074357,0.9978,2026-09-01T19:49:59.848817269Z
2026-09-01T19:50:05.446946+00:00,PA3BUA9MX72C,Jamies-MacBook-Pro.local,True,MSFT260911P00492500,MSFT,2026-09-11,9dte,492.5,put,500.715,4.22,4.95,25.0,8.0,4.585,0.73,0.159215,0.9836,2026-09-01T19:50:00.03398382Z
2026-09-01T19:50:05.446946+00:00,PA3BUA9MX72C,Jamies-MacBook-Pro.local,True,META260911P00545000,META,2026-09-11,9dte,545.0,put,579.67,2.1,2.91,4.0,3.0,2.505,0.81,0.323353,0.9402,2026-09-01T19:50:00.303032191Z
2026-09-01T19:50:05.446946+00:00,PA3BUA9MX72C,Jamies-MacBook-Pro.local,True,AAPL260911P00297500,AAPL,2026-09-11,9dte,297.5,put,325.73,0.27,0.31,6.0,36.0,0.29,0.04,0.137931,0.9133,2026-09-01T19:49:59.288611879Z
2026-09-01T19:50:05.446946+00:00,PA3BUA9MX72C,Jamies-MacBook-Pro.local,True,META260911P00505000,META,2026-09-11,9dte,505.0,put,579.67,0.26,0.31,11.0,24.0,0.285,0.05,0.175439,0.8712,2026-09-01T19:50:00.037913447Z
2026-09-01T19:50:05.446946+00:00,PA3BUA9MX72C,Jamies-MacBook-Pro.local,True,AAPL260911P00305000,AAPL,2026-09-11,9dte,305.0,put,325.73,0.6,0.72,27.0,56.0,0.66,0.12,0.181818,0.9364,2026-09-01T19:49:59.104287697Z
2026-09-01T19:50:05.446946+00:00,PA3BUA9MX72C,Jamies-MacBook-Pro.local,True,MSFT260911P00435000,MSFT,2026-09-11,9dte,435.0,put,500.715,0.06,0.11,7.0,12.0,0.085,0.05,0.588235,0.8688,2026-09-01T19:50:00.102039699Z
2026-09-01T19:50:05.446946+00:00,PA3BUA9MX72C,Jamies-MacBook-Pro.local,True,META260911P00535000,META,2026-09-11,9dte,535.0,put,579.67,1.22,1.44,1.0,1.0,1.33,0.22,0.165414,0.9229,2026-09-01T19:50:00.24090859Z
2026-09-01T19:50:05.446946+00:00,PA3BUA9MX72C,Jamies-MacBook-Pro.local,True,META260911P00562500,META,2026-09-11,9dte,562.5,put,579.67,5.52,6.62,3.0,1.0,6.07,1.1,0.181219,0.9704,2026-09-01T19:50:00.295298662Z
2026-09-01T19:50:05.446946+00:00,PA3BUA9MX72C,Jamies-MacBook-Pro.local,True,AAPL260911C00325000,AAPL,2026-09-11,9dte,325.0,call,325.73,6.14,6.47,9.0,3.0,6.305,0.33,0.052339,0.9978,2026-09-01T19:50:00.074054158Z
2026-09-01T19:50:05.446946+00:00,PA3BUA9MX72C,Jamies-MacBook-Pro.local,True,AAPL260911P00315000,AAPL,2026-09-11,9dte,315.0,put,325.73,1.85,1.99,28.0,27.0,1.92,0.14,0.072917,0.9671,2026-09-01T19:49:59.100127064Z
2026-09-01T19:50:05.446946+00:00,PA3BUA9MX72C,Jamies-MacBook-Pro.local,True,MSFT260911P00462500,MSFT,2026-09-11,9dte,462.5,put,500.715,0.34,0.5,7.0,5.0,0.42,0.16,0.380952,0.9237,2026-09-01T19:50:00.30479863Z
2026-09-01T19:50:05.446946+00:00,PA3BUA9MX72C,Jamies-MacBook-Pro.local,True,MSFT260911C00510000,MSFT,2026-09-11,9dte,510.0,call,500.715,3.82,4.78,28.0,28.0,4.3,0.96,0.223256,1.0185,2026-09-01T19:50:00.020405724Z
2026-09-01T19:50:05.446946+00:00,PA3BUA9MX72C,Jamies-MacBook-Pro.local,True,META260911P00495000,META,2026-09-11,9dte,495.0,put,579.67,0.12,0.26,3.0,3.0,0.19,0.14,0.736842,0.8539,2026-09-01T19:50:00.252145532Z
2026-09-01T19:50:05.446946+00:00,PA3BUA9MX72C,Jamies-MacBook-Pro.local,True,META260911P00552500,META,2026-09-11,9dte,552.5,put,579.67,3.05,3.97,1.0,2.0,3.51,0.92,0.262108,0.9531,2026-09-01T19:50:00.315356808Z
2026-09-01T19:50:05.446946+00:00,PA3BUA9MX72C,Jamies-MacBook-Pro.local,True,AAPL260911P00310000,AAPL,2026-09-11,9dte,310.0,put,325.73,1.06,1.18,4.0,6.0,1.12,0.12,0.107143,0.9517,2026-09-01T19:50:00.145619882Z
2026-09-01T19:50:05.446946+00:00,PA3BUA9MX72C,Jamies-MacBook-Pro.local,True,META260911P00515000,META,2026-09-11,9dte,515.0,put,579.67,0.39,0.48,9.0,2.0,0.435,0.09,0.206897,0.8884,2026-09-01T19:50:00.045952911Z
2026-09-01T19:50:05.446946+00:00,PA3BUA9MX72C,Jamies-MacBook-Pro.local,True,MSFT260911C00500000,MSFT,2026-09-11,9dte,500.0,call,500.715,8.13,8.98,27.0,24.0,8.555,0.85,0.099357,0.9986,2026-09-01T19:50:00.038293142Z
2026-09-01T19:50:05.446946+00:00,PA3BUA9MX72C,Jamies-MacBook-Pro.local,True,AAPL260911P00290000,AAPL,2026-09-11,9dte,290.0,put,325.73,0.17,0.2,16.0,16.0,0.185,0.03,0.162162,0.8903,2026-09-01T19:49:59.249818827Z
2026-09-01T19:50:05.446946+00:00,PA3BUA9MX72C,Jamies-MacBook-Pro.local,True,AAPL260911P00282500,AAPL,2026-09-11,9dte,282.5,put,325.73,0.05,0.16,20.0,24.0,0.105,0.11,1.047619,0.8673,2026-09-01T19:49:59.09063959Z
2026-09-01T19:50:05.446946+00:00,PA3BUA9MX72C,Jamies-MacBook-Pro.local,True,AAPL260911P00302500,AAPL,2026-09-11,9dte,302.5,put,325.73,0.45,0.52,32.0,56.0,0.485,0.07,0.14433,0.9287,2026-09-01T19:49:59.104287697Z
2026-09-01T19:50:05.446946+00:00,PA3BUA9MX72C,Jamies-MacBook-Pro.local,True,AAPL260911P00277500,AAPL,2026-09-11,9dte,277.5,put,325.73,0.03,0.12,8.0,7.0,0.075,0.09,1.2,0.8519,2026-09-01T19:50:00.109659355Z
2026-09-01T19:50:05.446946+00:00,PA3BUA9MX72C,Jamies-MacBook-Pro.local,True,AAPL260911P00320000,AAPL,2026-09-11,9dte,320.0,put,325.73,3.15,3.42,8.0,7.0,3.285,0.27,0.082192,0.9824,2026-09-01T19:50:00.151600213Z
2026-09-01T19:50:05.446946+00:00,PA3BUA9MX72C,Jamies-MacBook-Pro.local,True,MSFT260911P00455000,MSFT,2026-09-11,9dte,455.0,put,500.715,0.18,0.33,5.0,3.0,0.255,0.15,0.588235,0.9087,2026-09-01T19:50:00.346727158Z
2026-09-01T19:50:05.446946+00:00,PA3BUA9MX72C,Jamies-MacBook-Pro.local,True,GOOGL260911P00320000,GOOGL,2026-09-11,9dte,320.0,put,334.205,1.07,1.28,24.0,3.0,1.175,0.21,0.178723,0.9575,2026-09-01T19:50:00.210487241Z
2026-09-01T19:50:05.446946+00:00,PA3BUA9MX72C,Jamies-MacBook-Pro.local,True,AMZN260911P00227500,AMZN,2026-09-11,9dte,227.5,put,254.475,0.11,0.19,19.0,47.0,0.15,0.08,0.533333,0.894,2026-09-01T19:50:00.085507214Z
2026-09-01T19:50:05.446946+00:00,PA3BUA9MX72C,Jamies-MacBook-Pro.local,True,META260911C00580000,META,2026-09-11,9dte,580.0,call,579.67,12.98,13.43,4.0,1.0,13.205,0.45,0.034078,1.0006,2026-09-01T19:50:00.041606547Z
2026-09-01T19:50:05.446946+00:00,PA3BUA9MX72C,Jamies-MacBook-Pro.local,True,AMZN260911P00255000,AMZN,2026-09-11,9dte,255.0,put,254.475,4.68,4.72,2.0,3.0,4.7,0.04,0.008511,1.0021,2026-09-01T19:50:00.642536603Z
2026-09-01T19:50:05.446946+00:00,PA3BUA9MX72C,Jamies-MacBook-Pro.local,True,GOOGL260911P00330000,GOOGL,2026-09-11,9dte,330.0,put,334.205,3.68,3.92,10.0,8.0,3.8,0.24,0.063158,0.9874,2026-09-01T19:50:00.036268994Z
2026-09-01T19:50:05.446946+00:00,PA3BUA9MX72C,Jamies-MacBook-Pro.local,True,INTC260911P00086000,INTC,2026-09-11,9dte,86.0,put,88.96,1.74,2.0,2.0,1.0,1.87,0.26,0.139037,0.9667,2026-09-01T19:50:00.070478343Z
2026-09-01T19:50:05.446946+00:00,PA3BUA9MX72C,Jamies-MacBook-Pro.local,True,AMZN260911P00232500,AMZN,2026-09-11,9dte,232.5,put,254.475,0.2,0.31,51.0,109.0,0.255,0.11,0.431373,0.9136,2026-09-01T19:49:58.885288735Z
2026-09-01T19:50:05.446946+00:00,PA3BUA9MX72C,Jamies-MacBook-Pro.local,True,AMZN260911P00240000,AMZN,2026-09-11,9dte,240.0,put,254.475,0.61,0.71,25.0,143.0,0.66,0.1,0.151515,0.9431,2026-09-01T19:49:58.877034026Z
2026-09-01T19:50:05.446946+00:00,PA3BUA9MX72C,Jamies-MacBook-Pro.local,True,INTC260911P00082000,INTC,2026-09-11,9dte,82.0,put,88.96,0.57,0.87,72.0,1.0,0.72,0.3,0.416667,0.9218,2026-09-01T19:50:00.031608131Z
2026-09-01T19:50:05.446946+00:00,PA3BUA9MX72C,Jamies-MacBook-Pro.local,True,GOOGL260911P00305000,GOOGL,2026-09-11,9dte,305.0,put,334.205,0.19,0.24,25.0,4.0,0.215,0.05,0.232558,0.9126,2026-09-01T19:50:00.031199861Z
2026-09-01T19:50:05.446946+00:00,PA3BUA9MX72C,Jamies-MacBook-Pro.local,True,GOOGL260911P00325000,GOOGL,2026-09-11,9dte,325.0,put,334.205,2.0,2.27,5.0,4.0,2.135,0.27,0.126464,0.9725,2026-09-01T19:50:00.086110907Z
2026-09-01T19:50:05.446946+00:00,PA3BUA9MX72C,Jamies-MacBook-Pro.local,True,AMZN260911P00247500,AMZN,2026-09-11,9dte,247.5,put,254.475,1.83,1.95,76.0,23.0,1.89,0.12,0.063492,0.9726,2026-09-01T19:49:59.072869416Z
2026-09-01T19:50:05.446946+00:00,PA3BUA9MX72C,Jamies-MacBook-Pro.local,True,INTC260911P00089000,INTC,2026-09-11,9dte,89.0,put,88.96,3.0,3.52,2.0,35.0,3.26,0.52,0.159509,1.0004,2026-09-01T19:50:00.099094344Z
2026-09-01T19:50:05.446946+00:00,PA3BUA9MX72C,Jamies-MacBook-Pro.local,True,INTC260911P00081000,INTC,2026-09-11,9dte,81.0,put,88.96,0.59,0.7,1.0,1.0,0.645,0.11,0.170543,0.9105,2026-09-01T19:50:00.02699718Z
2026-09-01T19:50:05.446946+00:00,PA3BUA9MX72C,Jamies-MacBook-Pro.local,True,INTC260911P00077000,INTC,2026-09-11,9dte,77.0,put,88.96,0.16,0.34,1.0,1.0,0.25,0.18,0.72,0.8656,2026-09-01T19:50:00.315209968Z
2026-09-01T19:50:05.446946+00:00,PA3BUA9MX72C,Jamies-MacBook-Pro.local,True,GOOGL260911P00335000,GOOGL,2026-09-11,9dte,335.0,put,334.205,5.77,6.06,17.0,5.0,5.915,0.29,0.049028,1.0024,2026-09-01T19:50:00.021276212Z
2026-09-01T19:50:05.446946+00:00,PA3BUA9MX72C,Jamies-MacBook-Pro.local,True,INTC260911C00093000,INTC,2026-09-11,9dte,93.0,call,88.96,1.5,1.87,1.0,2.0,1.685,0.37,0.219585,1.0454,2026-09-01T19:50:00.353762189Z
2026-09-01T19:50:05.446946+00:00,PA3BUA9MX72C,Jamies-MacBook-Pro.local,True,INTC260911C00091000,INTC,2026-09-11,9dte,91.0,call,88.96,2.13,2.41,72.0,1.0,2.27,0.28,0.123348,1.0229,2026-09-01T19:50:00.02068201Z
2026-09-01T19:50:05.446946+00:00,PA3BUA9MX72C,Jamies-MacBook-Pro.local,True,AMZN260911P00250000,AMZN,2026-09-11,9dte,250.0,put,254.475,2.57,2.63,15.0,11.0,2.6,0.06,0.023077,0.9824,2026-09-01T19:49:59.62090234Z
2026-09-01T19:50:05.446946+00:00,PA3BUA9MX72C,Jamies-MacBook-Pro.local,True,AMZN260911C00255000,AMZN,2026-09-11,9dte,255.0,call,254.475,4.47,4.52,3.0,29.0,4.495,0.05,0.011123,1.0021,2026-09-01T19:49:59.957723475Z
2026-09-01T19:50:05.446946+00:00,PA3BUA9MX72C,Jamies-MacBook-Pro.local,True,META260911C00592500,META,2026-09-11,9dte,592.5,call,579.67,7.26,9.38,3.0,3.0,8.32,2.12,0.254808,1.0221,2026-09-01T19:50:00.280495848Z
2026-09-01T19:50:05.446946+00:00,PA3BUA9MX72C,Jamies-MacBook-Pro.local,True,AMZN260911C00260000,AMZN,2026-09-11,9dte,260.0,call,254.475,2.26,2.48,2.0,1.0,2.37,0.22,0.092827,1.0217,2026-09-01T19:50:00.173125213Z
2026-09-01T19:50:05.446946+00:00,PA3BUA9MX72C,Jamies-MacBook-Pro.local,True,INTC260911P00085000,INTC,2026-09-11,9dte,85.0,put,88.96,1.42,1.64,2.0,1.0,1.53,0.22,0.143791,0.9555,2026-09-01T19:50:00.0573756Z
2026-09-01T19:50:05.446946+00:00,PA3BUA9MX72C,Jamies-MacBook-Pro.local,True,INTC260911P00084000,INTC,2026-09-11,9dte,84.0,put,88.96,1.15,1.3,2.0,1.0,1.225,0.15,0.122449,0.9442,2026-09-01T19:50:00.070130933Z
2026-09-01T19:50:05.446946+00:00,PA3BUA9MX72C,Jamies-MacBook-Pro.local,True,AMZN260911P00215000,AMZN,2026-09-11,9dte,215.0,put,254.475,0.04,0.09,44.0,23.0,0.065,0.05,0.769231,0.8449,2026-09-01T19:50:00.040793036Z
2026-09-01T19:50:05.446946+00:00,PA3BUA9MX72C,Jamies-MacBook-Pro.local,True,GOOGL260911P00315000,GOOGL,2026-09-11,9dte,315.0,put,334.205,0.61,0.69,31.0,12.0,0.65,0.08,0.123077,0.9425,2026-09-01T19:50:00.217594088Z
2026-09-01T19:50:05.446946+00:00,PA3BUA9MX72C,Jamies-MacBook-Pro.local,True,INTC260911P00088000,INTC,2026-09-11,9dte,88.0,put,88.96,2.55,2.86,3.0,8.0,2.705,0.31,0.114603,0.9892,2026-09-01T19:50:00.021239392Z
2026-09-01T19:50:05.446946+00:00,PA3BUA9MX72C,Jamies-MacBook-Pro.local,True,META260911C00607500,META,2026-09-11,9dte,607.5,call,579.67,3.94,4.28,14.0,1.0,4.11,0.34,0.082725,1.048,2026-09-01T19:49:59.908373987Z
2026-09-01T19:50:05.446946+00:00,PA3BUA9MX72C,Jamies-MacBook-Pro.local,True,AMZN260911P00242500,AMZN,2026-09-11,9dte,242.5,put,254.475,0.93,0.96,23.0,173.0,0.945,0.03,0.031746,0.9529,2026-09-01T19:49:58.885258935Z
2026-09-01T19:50:05.446946+00:00,PA3BUA9MX72C,Jamies-MacBook-Pro.local,True,INTC260911P00079000,INTC,2026-09-11,9dte,79.0,put,88.96,0.31,0.43,1.0,1.0,0.37,0.12,0.324324,0.888,2026-09-01T19:50:00.110721984Z
2026-09-01T19:50:05.446946+00:00,PA3BUA9MX72C,Jamies-MacBook-Pro.local,True,INTC260911P00076000,INTC,2026-09-11,9dte,76.0,put,88.96,0.18,0.27,12.0,37.0,0.225,0.09,0.4,0.8543,2026-09-01T19:49:59.787425411Z
2026-09-01T19:50:05.446946+00:00,PA3BUA9MX72C,Jamies-MacBook-Pro.local,True,AMZN260911P00235000,AMZN,2026-09-11,9dte,235.0,put,254.475,0.3,0.34,10.0,107.0,0.32,0.04,0.125,0.9235,2026-09-01T19:49:59.670100505Z
2026-09-01T19:50:05.446946+00:00,PA3BUA9MX72C,Jamies-MacBook-Pro.local,True,AMZN260911P00210000,AMZN,2026-09-11,9dte,210.0,put,254.475,0.05,0.08,49.0,47.0,0.065,0.03,0.461538,0.8252,2026-09-01T19:49:58.642621448Z
2026-09-01T19:50:05.446946+00:00,PA3BUA9MX72C,Jamies-MacBook-Pro.local,True,INTC260911C00089000,INTC,2026-09-11,9dte,89.0,call,88.96,2.85,3.51,73.0,37.0,3.18,0.66,0.207547,1.0004,2026-09-01T19:50:00.096122041Z
2026-09-01T19:50:05.446946+00:00,PA3BUA9MX72C,Jamies-MacBook-Pro.local,True,AMZN260911C00267500,AMZN,2026-09-11,9dte,267.5,call,254.475,0.83,0.86,18.0,26.0,0.845,0.03,0.035503,1.0512,2026-09-01T19:49:59.563892233Z
2026-09-01T19:50:05.446946+00:00,PA3BUA9MX72C,Jamies-MacBook-Pro.local,True,INTC260911P00073000,INTC,2026-09-11,9dte,73.0,put,88.96,0.06,0.31,1.0,1.0,0.185,0.25,1.351351,0.8206,2026-09-01T19:50:00.103595569Z
2026-09-01T19:50:05.446946+00:00,PA3BUA9MX72C,Jamies-MacBook-Pro.local,True,GOOGL260911P00310000,GOOGL,2026-09-11,9dte,310.0,put,334.205,0.29,0.4,8.0,3.0,0.345,0.11,0.318841,0.9276,2026-09-01T19:50:00.213384115Z
2026-09-01T19:50:05.446946+00:00,PA3BUA9MX72C,Jamies-MacBook-Pro.local,True,META260911P00475000,META,2026-09-11,9dte,475.0,put,579.67,0.02,0.17,12.0,13.0,0.095,0.15,1.578947,0.8194,2026-09-01T19:50:00.037692821Z
2026-09-01T19:50:05.446946+00:00,PA3BUA9MX72C,Jamies-MacBook-Pro.local,True,GOOGL260911P00295000,GOOGL,2026-09-11,9dte,295.0,put,334.205,0.09,0.11,7.0,8.0,0.1,0.02,0.2,0.8827,2026-09-01T19:50:00.033139467Z
2026-09-01T19:50:05.446946+00:00,PA3BUA9MX72C,Jamies-MacBook-Pro.local,True,AMZN260911P00220000,AMZN,2026-09-11,9dte,220.0,put,254.475,0.05,0.07,50.0,23.0,0.06,0.02,0.333333,0.8645,2026-09-01T19:49:58.983511982Z
2026-09-01T19:50:05.446946+00:00,PA3BUA9MX72C,Jamies-MacBook-Pro.local,True,MU260911C00935000,MU,2026-09-11,9dte,935.0,call,934.63,30.06,33.57,21.0,1.0,31.815,3.51,0.110325,1.0004,2026-09-01T19:50:00.046359954Z
2026-09-01T19:50:05.446946+00:00,PA3BUA9MX72C,Jamies-MacBook-Pro.local,True,MU260911P00935000,MU,2026-09-11,9dte,935.0,put,934.63,29.63,34.27,24.0,24.0,31.95,4.64,0.145227,1.0004,2026-09-01T19:50:00.071522702Z
2026-09-01T19:50:05.446946+00:00,PA3BUA9MX72C,Jamies-MacBook-Pro.local,True,AMD260911C00470000,AMD,2026-09-11,9dte,470.0,call,459.93,9.25,10.63,1.0,2.0,9.94,1.38,0.138833,1.0219,2026-09-01T19:50:00.203781575Z
2026-09-01T19:50:05.446946+00:00,PA3BUA9MX72C,Jamies-MacBook-Pro.local,True,AMD260911P00425000,AMD,2026-09-11,9dte,425.0,put,459.93,2.75,3.02,10.0,10.0,2.885,0.27,0.093588,0.9241,2026-09-01T19:49:59.374976642Z
2026-09-01T19:50:05.446946+00:00,PA3BUA9MX72C,Jamies-MacBook-Pro.local,True,MU260911C00952500,MU,2026-09-11,9dte,952.5,call,934.63,23.07,27.57,24.0,21.0,25.32,4.5,0.177725,1.0191,2026-09-01T19:50:00.140363472Z
2026-09-01T19:50:05.446946+00:00,PA3BUA9MX72C,Jamies-MacBook-Pro.local,True,MU260911P00830000,MU,2026-09-11,9dte,830.0,put,934.63,3.62,4.12,6.0,1.0,3.87,0.5,0.129199,0.8881,2026-09-01T19:50:00.32828955Z
2026-09-01T19:50:05.446946+00:00,PA3BUA9MX72C,Jamies-MacBook-Pro.local,True,MU260911P00850000,MU,2026-09-11,9dte,850.0,put,934.63,5.77,6.45,1.0,1.0,6.11,0.68,0.111293,0.9095,2026-09-01T19:50:00.055128463Z
2026-09-01T19:50:05.446946+00:00,PA3BUA9MX72C,Jamies-MacBook-Pro.local,True,SPY261002P00761000,SPY,2026-10-02,30dte,761.0,put,761.26,11.05,11.57,70.0,54.0,11.31,0.52,0.045977,0.9997,2026-09-01T19:50:02.588831042Z
2026-09-01T19:50:05.446946+00:00,PA3BUA9MX72C,Jamies-MacBook-Pro.local,True,GOOGL260911C00340000,GOOGL,2026-09-11,9dte,340.0,call,334.205,3.18,3.43,16.0,4.0,3.305,0.25,0.075643,1.0173,2026-09-01T19:50:00.055773844Z
2026-09-01T19:50:05.446946+00:00,PA3BUA9MX72C,Jamies-MacBook-Pro.local,True,AMD260911P00400000,AMD,2026-09-11,9dte,400.0,put,459.93,0.77,0.88,19.0,26.0,0.825,0.11,0.133333,0.8697,2026-09-01T19:49:59.285812766Z
2026-09-01T19:50:05.446946+00:00,PA3BUA9MX72C,Jamies-MacBook-Pro.local,True,GOOGL260911P00290000,GOOGL,2026-09-11,9dte,290.0,put,334.205,0.06,0.13,6.0,3.0,0.095,0.07,0.736842,0.8677,2026-09-01T19:50:00.351067634Z
2026-09-01T19:50:05.446946+00:00,PA3BUA9MX72C,Jamies-MacBook-Pro.local,True,MU260911P00765000,MU,2026-09-11,9dte,765.0,put,934.63,0.69,1.14,21.0,21.0,0.915,0.45,0.491803,0.8185,2026-09-01T19:50:00.088101563Z
2026-09-01T19:50:05.446946+00:00,PA3BUA9MX72C,Jamies-MacBook-Pro.local,True,GOOGL260911C00335000,GOOGL,2026-09-11,9dte,335.0,call,334.205,5.25,5.69,8.0,9.0,5.47,0.44,0.080439,1.0024,2026-09-01T19:50:00.020774975Z
2026-09-01T19:50:05.446946+00:00,PA3BUA9MX72C,Jamies-MacBook-Pro.local,True,AMD260911P00417500,AMD,2026-09-11,9dte,417.5,put,459.93,1.83,2.06,2.0,2.0,1.945,0.23,0.118252,0.9077,2026-09-01T19:50:00.613462689Z
2026-09-01T19:50:05.446946+00:00,PA3BUA9MX72C,Jamies-MacBook-Pro.local,True,AMD260911P00375000,AMD,2026-09-11,9dte,375.0,put,459.93,0.25,0.38,17.0,39.0,0.315,0.13,0.412698,0.8153,2026-09-01T19:49:59.229628898Z
2026-09-01T19:50:05.446946+00:00,PA3BUA9MX72C,Jamies-MacBook-Pro.local,True,MU260911P00815000,MU,2026-09-11,9dte,815.0,put,934.63,2.53,3.16,27.0,6.0,2.845,0.63,0.221441,0.872,2026-09-01T19:50:00.141263597Z
2026-09-01T19:50:05.446946+00:00,PA3BUA9MX72C,Jamies-MacBook-Pro.local,True,MU260911C00980000,MU,2026-09-11,9dte,980.0,call,934.63,15.18,16.329,21.0,1.0,15.7545,1.149,0.072932,1.0485,2026-09-01T19:50:00.054428793Z
2026-09-01T19:50:05.446946+00:00,PA3BUA9MX72C,Jamies-MacBook-Pro.local,True,AMD260911C00460000,AMD,2026-09-11,9dte,460.0,call,459.93,14.2,15.04,12.0,15.0,14.62,0.84,0.057456,1.0002,2026-09-01T19:49:59.167595981Z
2026-09-01T19:50:05.446946+00:00,PA3BUA9MX72C,Jamies-MacBook-Pro.local,True,SPY261002P00750000,SPY,2026-10-02,30dte,750.0,put,761.26,7.59,7.8,80.0,4.0,7.695,0.21,0.02729,0.9852,2026-09-01T19:50:02.503497501Z
2026-09-01T19:50:05.446946+00:00,PA3BUA9MX72C,Jamies-MacBook-Pro.local,True,AMD260911P00390000,AMD,2026-09-11,9dte,390.0,put,459.93,0.51,0.63,6.0,19.0,0.57,0.12,0.210526,0.848,2026-09-01T19:50:00.12654698Z
2026-09-01T19:50:05.446946+00:00,PA3BUA9MX72C,Jamies-MacBook-Pro.local,True,AMD260911P00452500,AMD,2026-09-11,9dte,452.5,put,459.93,9.91,10.49,15.0,5.0,10.2,0.58,0.056863,0.9838,2026-09-01T19:49:59.233252577Z
2026-09-01T19:50:05.446946+00:00,PA3BUA9MX72C,Jamies-MacBook-Pro.local,True,AMD260911P00460000,AMD,2026-09-11,9dte,460.0,put,459.93,13.35,14.11,15.0,13.0,13.73,0.76,0.055353,1.0002,2026-09-01T19:49:59.167846616Z
2026-09-01T19:50:05.446946+00:00,PA3BUA9MX72C,Jamies-MacBook-Pro.local,True,AMD260911P00445000,AMD,2026-09-11,9dte,445.0,put,459.93,7.23,7.53,10.0,1.0,7.38,0.3,0.04065,0.9675,2026-09-01T19:49:59.214943886Z
2026-09-01T19:50:05.446946+00:00,PA3BUA9MX72C,Jamies-MacBook-Pro.local,True,GOOGL260911P00275000,GOOGL,2026-09-11,9dte,275.0,put,334.205,0.06,0.09,16.0,21.0,0.075,0.03,0.4,0.8228,2026-09-01T19:49:59.914436712Z
2026-09-01T19:50:05.446946+00:00,PA3BUA9MX72C,Jamies-MacBook-Pro.local,True,MU260911P00895000,MU,2026-09-11,9dte,895.0,put,934.63,14.46,16.56,22.0,4.0,15.51,2.1,0.135397,0.9576,2026-09-01T19:50:00.03406769Z
2026-09-01T19:50:05.446946+00:00,PA3BUA9MX72C,Jamies-MacBook-Pro.local,True,MU260911P00880000,MU,2026-09-11,9dte,880.0,put,934.63,11.06,12.34,24.0,27.0,11.7,1.28,0.109402,0.9415,2026-09-01T19:50:00.0617387Z
2026-09-01T19:50:05.446946+00:00,PA3BUA9MX72C,Jamies-MacBook-Pro.local,True,SPY261002P00727000,SPY,2026-10-02,30dte,727.0,put,761.26,3.71,3.88,349.0,82.0,3.795,0.17,0.044796,0.955,2026-09-01T19:50:02.469182785Z
2026-09-01T19:50:05.446946+00:00,PA3BUA9MX72C,Jamies-MacBook-Pro.local,True,AMD260911P00432500,AMD,2026-09-11,9dte,432.5,put,459.93,3.93,4.59,7.0,22.0,4.26,0.66,0.15493,0.9404,2026-09-01T19:49:59.559435302Z
2026-09-01T19:50:05.446946+00:00,PA3BUA9MX72C,Jamies-MacBook-Pro.local,True,SPY261002P00738000,SPY,2026-10-02,30dte,738.0,put,761.26,5.26,5.46,92.0,4.0,5.36,0.2,0.037313,0.9694,2026-09-01T19:50:03.122713916Z
2026-09-01T19:50:05.446946+00:00,PA3BUA9MX72C,Jamies-MacBook-Pro.local,True,GOOGL260911C00350000,GOOGL,2026-09-11,9dte,350.0,call,334.205,1.15,1.21,22.0,16.0,1.18,0.06,0.050847,1.0473,2026-09-01T19:49:59.983350823Z
2026-09-01T19:50:05.446946+00:00,PA3BUA9MX72C,Jamies-MacBook-Pro.local,True,SPY261002P00705000,SPY,2026-10-02,30dte,705.0,put,761.26,2.09,2.14,458.0,1.0,2.115,0.05,0.023641,0.9261,2026-09-01T19:50:02.493954729Z
2026-09-01T19:50:05.446946+00:00,PA3BUA9MX72C,Jamies-MacBook-Pro.local,True,AMD260911P00410000,AMD,2026-09-11,9dte,410.0,put,459.93,1.2,1.48,27.0,27.0,1.34,0.28,0.208955,0.8914,2026-09-01T19:49:59.167911835Z
2026-09-01T19:50:05.446946+00:00,PA3BUA9MX72C,Jamies-MacBook-Pro.local,True,MU260911P00920000,MU,2026-09-11,9dte,920.0,put,934.63,23.54,25.78,12.0,4.0,24.66,2.24,0.090835,0.9843,2026-09-01T19:50:00.250714334Z
2026-09-01T19:50:05.446946+00:00,PA3BUA9MX72C,Jamies-MacBook-Pro.local,True,AMD260911P00440000,AMD,2026-09-11,9dte,440.0,put,459.93,5.76,6.38,15.0,24.0,6.07,0.62,0.102142,0.9567,2026-09-01T19:49:59.276094653Z
2026-09-01T19:50:05.446946+00:00,PA3BUA9MX72C,Jamies-MacBook-Pro.local,True,AMD260911C00482500,AMD,2026-09-11,9dte,482.5,call,459.93,5.76,6.23,27.0,13.0,5.995,0.47,0.078399,1.0491,2026-09-01T19:49:59.284670892Z
2026-09-01T19:50:05.446946+00:00,PA3BUA9MX72C,Jamies-MacBook-Pro.local,True,GOOGL260911P00285000,GOOGL,2026-09-11,9dte,285.0,put,334.205,0.03,0.09,40.0,40.0,0.06,0.06,1.0,0.8528,2026-09-01T19:50:00.033635843Z
2026-09-01T19:50:05.446946+00:00,PA3BUA9MX72C,Jamies-MacBook-Pro.local,True,MU260911P00905000,MU,2026-09-11,9dte,905.0,put,934.63,16.52,21.56,24.0,24.0,19.04,5.04,0.264706,0.9683,2026-09-01T19:50:00.028063746Z
2026-09-01T19:50:05.446946+00:00,PA3BUA9MX72C,Jamies-MacBook-Pro.local,True,SPY261002P00715000,SPY,2026-10-02,30dte,715.0,put,761.26,2.63,2.78,358.0,37.0,2.705,0.15,0.055453,0.9392,2026-09-01T19:50:03.231347878Z
2026-09-01T19:50:05.446946+00:00,PA3BUA9MX72C,Jamies-MacBook-Pro.local,True,MU260911P00865000,MU,2026-09-11,9dte,865.0,put,934.63,7.22,9.21,21.0,1.0,8.215,1.99,0.24224,0.9255,2026-09-01T19:50:00.03557641Z
2026-09-01T19:50:05.446946+00:00,PA3BUA9MX72C,Jamies-MacBook-Pro.local,True,MU260911P00795000,MU,2026-09-11,9dte,795.0,put,934.63,1.53,2.13,13.0,20.0,1.83,0.6,0.327869,0.8506,2026-09-01T19:50:00.088133006Z
2026-09-01T19:50:05.446946+00:00,PA3BUA9MX72C,Jamies-MacBook-Pro.local,True,NVDA261002P00195000,NVDA,2026-10-02,30dte,195.0,put,217.595,1.54,1.6,36.0,15.0,1.57,0.06,0.038217,0.8962,2026-09-01T19:50:00.013419882Z
2026-09-01T19:50:05.446946+00:00,PA3BUA9MX72C,Jamies-MacBook-Pro.local,True,TSLA261002C00375000,TSLA,2026-10-02,30dte,375.0,call,356.055,9.8,10.34,27.0,78.0,10.07,0.54,0.053625,1.0532,2026-09-01T19:50:02.584292324Z
2026-09-01T19:50:05.446946+00:00,PA3BUA9MX72C,Jamies-MacBook-Pro.local,True,NVDA261002C00220000,NVDA,2026-10-02,30dte,220.0,call,217.595,7.04,7.29,26.0,101.0,7.165,0.25,0.034892,1.0111,2026-09-01T19:50:01.107831642Z
2026-09-01T19:50:05.446946+00:00,PA3BUA9MX72C,Jamies-MacBook-Pro.local,True,NVDA261002P00205000,NVDA,2026-10-02,30dte,205.0,put,217.595,3.25,3.31,64.0,10.0,3.28,0.06,0.018293,0.9421,2026-09-01T19:50:00.104802142Z
2026-09-01T19:50:05.446946+00:00,PA3BUA9MX72C,Jamies-MacBook-Pro.local,True,NVDA261002P00185000,NVDA,2026-10-02,30dte,185.0,put,217.595,0.81,0.88,229.0,46.0,0.845,0.07,0.08284,0.8502,2026-09-01T19:49:59.198251868Z
2026-09-01T19:50:05.446946+00:00,PA3BUA9MX72C,Jamies-MacBook-Pro.local,True,SPY261002P00680000,SPY,2026-10-02,30dte,680.0,put,761.26,1.17,1.2,506.0,51.0,1.185,0.03,0.025316,0.8933,2026-09-01T19:50:03.043536042Z
2026-09-01T19:50:05.446946+00:00,PA3BUA9MX72C,Jamies-MacBook-Pro.local,True,MSFT261002P00480000,MSFT,2026-10-02,30dte,480.0,put,500.715,5.73,6.22,17.0,17.0,5.975,0.49,0.082008,0.9586,2026-09-01T19:50:00.034660111Z
2026-09-01T19:50:05.446946+00:00,PA3BUA9MX72C,Jamies-MacBook-Pro.local,True,NVDA261002C00230000,NVDA,2026-10-02,30dte,230.0,call,217.595,3.3,3.45,42.0,41.0,3.375,0.15,0.044444,1.057,2026-09-01T19:50:01.043092306Z
2026-09-01T19:50:05.446946+00:00,PA3BUA9MX72C,Jamies-MacBook-Pro.local,True,TSLA261002P00345000,TSLA,2026-10-02,30dte,345.0,put,356.055,10.6,11.5,106.0,110.0,11.05,0.9,0.081448,0.969,2026-09-01T19:50:02.20723139Z
2026-09-01T19:50:05.446946+00:00,PA3BUA9MX72C,Jamies-MacBook-Pro.local,True,SPY261002C00761000,SPY,2026-10-02,30dte,761.0,call,761.26,11.89,12.12,4.0,50.0,12.005,0.23,0.019159,0.9997,2026-09-01T19:50:03.214090792Z
2026-09-01T19:50:05.446946+00:00,PA3BUA9MX72C,Jamies-MacBook-Pro.local,True,MSFT261002P00495000,MSFT,2026-10-02,30dte,495.0,put,500.715,10.61,11.3,17.0,11.0,10.955,0.69,0.062985,0.9886,2026-09-01T19:50:00.034628479Z
2026-09-01T19:50:05.446946+00:00,PA3BUA9MX72C,Jamies-MacBook-Pro.local,True,TSLA261002P00310000,TSLA,2026-10-02,30dte,310.0,put,356.055,2.51,2.75,264.0,30.0,2.63,0.24,0.091255,0.8707,2026-09-01T19:50:03.214026787Z
2026-09-01T19:50:05.446946+00:00,PA3BUA9MX72C,Jamies-MacBook-Pro.local,True,NVDA261002P00190000,NVDA,2026-10-02,30dte,190.0,put,217.595,1.07,1.14,7.0,64.0,1.105,0.07,0.063348,0.8732,2026-09-01T19:50:00.038073553Z
2026-09-01T19:50:05.446946+00:00,PA3BUA9MX72C,Jamies-MacBook-Pro.local,True,SPY261002C00799000,SPY,2026-10-02,30dte,799.0,call,761.26,0.48,0.56,758.0,213.0,0.52,0.08,0.153846,1.0496,2026-09-01T19:50:03.214592771Z
2026-09-01T19:50:05.446946+00:00,PA3BUA9MX72C,Jamies-MacBook-Pro.local,True,SPY261002P00625000,SPY,2026-10-02,30dte,625.0,put,761.26,0.53,0.54,449.0,377.0,0.535,0.01,0.018692,0.821,2026-09-01T19:50:03.216963583Z
2026-09-01T19:50:05.446946+00:00,PA3BUA9MX72C,Jamies-MacBook-Pro.local,True,MSFT261002P00470000,MSFT,2026-10-02,30dte,470.0,put,500.715,3.77,4.04,23.0,14.0,3.905,0.27,0.069142,0.9387,2026-09-01T19:50:00.03458368Z
2026-09-01T19:50:05.446946+00:00,PA3BUA9MX72C,Jamies-MacBook-Pro.local,True,TSLA261002P00340000,TSLA,2026-10-02,30dte,340.0,put,356.055,8.52,9.79,199.0,229.0,9.155,1.27,0.138722,0.9549,2026-09-01T19:50:02.204093992Z
2026-09-01T19:50:05.446946+00:00,PA3BUA9MX72C,Jamies-MacBook-Pro.local,True,TSLA261002C00355000,TSLA,2026-10-02,30dte,355.0,call,356.055,17.99,18.64,105.0,106.0,18.315,0.65,0.03549,0.997,2026-09-01T19:50:03.214024389Z
2026-09-01T19:50:05.446946+00:00,PA3BUA9MX72C,Jamies-MacBook-Pro.local,True,MSFT261002P00455000,MSFT,2026-10-02,30dte,455.0,put,500.715,1.94,2.23,8.0,10.0,2.085,0.29,0.139089,0.9087,2026-09-01T19:50:00.042382109Z
2026-09-01T19:50:05.446946+00:00,PA3BUA9MX72C,Jamies-MacBook-Pro.local,True,SPY261002P00695000,SPY,2026-10-02,30dte,695.0,put,761.26,1.66,1.7,258.0,51.0,1.68,0.04,0.02381,0.913,2026-09-01T19:50:02.53479207Z
2026-09-01T19:50:05.446946+00:00,PA3BUA9MX72C,Jamies-MacBook-Pro.local,True,MSFT261002P00465000,MSFT,2026-10-02,30dte,465.0,put,500.715,3.0,3.29,24.0,23.0,3.145,0.29,0.09221,0.9287,2026-09-01T19:50:00.025812062Z
2026-09-01T19:50:05.446946+00:00,PA3BUA9MX72C,Jamies-MacBook-Pro.local,True,TSLA261002P00335000,TSLA,2026-10-02,30dte,335.0,put,356.055,7.07,7.98,93.0,54.0,7.525,0.91,0.12093,0.9409,2026-09-01T19:50:02.58543822Z
2026-09-01T19:50:05.446946+00:00,PA3BUA9MX72C,Jamies-MacBook-Pro.local,True,TSLA261002P00290000,TSLA,2026-10-02,30dte,290.0,put,356.055,1.05,1.24,240.0,115.0,1.145,0.19,0.165939,0.8145,2026-09-01T19:50:03.04256296Z
2026-09-01T19:50:05.446946+00:00,PA3BUA9MX72C,Jamies-MacBook-Pro.local,True,MSFT261002P00500000,MSFT,2026-10-02,30dte,500.0,put,500.715,12.49,13.47,24.0,7.0,12.98,0.98,0.075501,0.9986,2026-09-01T19:50:00.053894108Z
2026-09-01T19:50:05.446946+00:00,PA3BUA9MX72C,Jamies-MacBook-Pro.local,True,TSLA261002P00325000,TSLA,2026-10-02,30dte,325.0,put,356.055,4.52,5.33,310.0,214.0,4.925,0.81,0.164467,0.9128,2026-09-01T19:50:03.145272855Z
2026-09-01T19:50:05.446946+00:00,PA3BUA9MX72C,Jamies-MacBook-Pro.local,True,SPY261002C00776000,SPY,2026-10-02,30dte,776.0,call,761.26,4.65,4.85,81.0,127.0,4.75,0.2,0.042105,1.0194,2026-09-01T19:50:02.572139592Z
2026-09-01T19:50:05.446946+00:00,PA3BUA9MX72C,Jamies-MacBook-Pro.local,True,TSLA261002P00350000,TSLA,2026-10-02,30dte,350.0,put,356.055,12.84,13.96,46.0,69.0,13.4,1.12,0.083582,0.983,2026-09-01T19:50:02.263605837Z
2026-09-01T19:50:05.446946+00:00,PA3BUA9MX72C,Jamies-MacBook-Pro.local,True,TSLA261002C00365000,TSLA,2026-10-02,30dte,365.0,call,356.055,12.94,13.63,54.0,35.0,13.285,0.69,0.051938,1.0251,2026-09-01T19:50:01.637880489Z
2026-09-01T19:50:05.446946+00:00,PA3BUA9MX72C,Jamies-MacBook-Pro.local,True,NVDA261002P00180000,NVDA,2026-10-02,30dte,180.0,put,217.595,0.6,0.64,7.0,64.0,0.62,0.04,0.064516,0.8272,2026-09-01T19:49:59.575914823Z
2026-09-01T19:50:05.446946+00:00,PA3BUA9MX72C,Jamies-MacBook-Pro.local,True,SPY261002P00645000,SPY,2026-10-02,30dte,645.0,put,761.26,0.69,0.71,450.0,210.0,0.7,0.02,0.028571,0.8473,2026-09-01T19:50:02.534476514Z
2026-09-01T19:50:05.446946+00:00,PA3BUA9MX72C,Jamies-MacBook-Pro.local,True,TSLA261002P00315000,TSLA,2026-10-02,30dte,315.0,put,356.055,2.97,3.64,127.0,101.0,3.305,0.67,0.202723,0.8847,2026-09-01T19:50:02.634550222Z
2026-09-01T19:50:05.446946+00:00,PA3BUA9MX72C,Jamies-MacBook-Pro.local,True,NVDA261002P00220000,NVDA,2026-10-02,30dte,220.0,put,217.595,8.92,9.09,11.0,11.0,9.005,0.17,0.018878,1.0111,2026-09-01T19:50:00.121577349Z
2026-09-01T19:50:05.446946+00:00,PA3BUA9MX72C,Jamies-MacBook-Pro.local,True,NVDA261002P00210000,NVDA,2026-10-02,30dte,210.0,put,217.595,4.73,4.88,8.0,10.0,4.805,0.15,0.031217,0.9651,2026-09-01T19:50:00.11603436Z
2026-09-01T19:50:05.446946+00:00,PA3BUA9MX72C,Jamies-MacBook-Pro.local,True,NVDA261002P00200000,NVDA,2026-10-02,30dte,200.0,put,217.595,2.18,2.24,71.0,19.0,2.21,0.06,0.027149,0.9191,2026-09-01T19:50:00.013335182Z
2026-09-01T19:50:05.446946+00:00,PA3BUA9MX72C,Jamies-MacBook-Pro.local,True,TSLA261002P00355000,TSLA,2026-10-02,30dte,355.0,put,356.055,14.87,16.84,140.0,123.0,15.855,1.97,0.124251,0.997,2026-09-01T19:50:02.58587426Z
2026-09-01T19:50:05.446946+00:00,PA3BUA9MX72C,Jamies-MacBook-Pro.local,True,SPY261002P00660000,SPY,2026-10-02,30dte,660.0,put,761.26,0.82,0.84,504.0,2.0,0.83,0.02,0.024096,0.867,2026-09-01T19:50:02.47259385Z
2026-09-01T19:50:05.446946+00:00,PA3BUA9MX72C,Jamies-MacBook-Pro.local,True,NVDA261002P00215000,NVDA,2026-10-02,30dte,215.0,put,217.595,6.56,6.87,83.0,73.0,6.715,0.31,0.046165,0.9881,2026-09-01T19:50:01.046292232Z
2026-09-01T19:50:05.446946+00:00,PA3BUA9MX72C,Jamies-MacBook-Pro.local,True,MSFT261002P00485000,MSFT,2026-10-02,30dte,485.0,put,500.715,7.05,7.54,23.0,7.0,7.295,0.49,0.067169,0.9686,2026-09-01T19:50:00.030327913Z
2026-09-01T19:50:05.446946+00:00,PA3BUA9MX72C,Jamies-MacBook-Pro.local,True,TSLA261002P00305000,TSLA,2026-10-02,30dte,305.0,put,356.055,2.029,2.22,34.0,163.0,2.1245,0.191,0.089904,0.8566,2026-09-01T19:50:02.229439624Z
2026-09-01T19:50:05.446946+00:00,PA3BUA9MX72C,Jamies-MacBook-Pro.local,True,TSLA261002P00330000,TSLA,2026-10-02,30dte,330.0,put,356.055,5.42,6.32,141.0,21.0,5.87,0.9,0.153322,0.9268,2026-09-01T19:50:02.262523467Z
2026-09-01T19:50:05.446946+00:00,PA3BUA9MX72C,Jamies-MacBook-Pro.local,True,MSFT261002P00435000,MSFT,2026-10-02,30dte,435.0,put,500.715,0.69,1.08,6.0,17.0,0.885,0.39,0.440678,0.8688,2026-09-01T19:50:00.307137415Z
2026-09-01T19:50:05.446946+00:00,PA3BUA9MX72C,Jamies-MacBook-Pro.local,True,AAPL261002C00340000,AAPL,2026-10-02,30dte,340.0,call,325.73,4.05,4.64,3.0,6.0,4.345,0.59,0.135788,1.0438,2026-09-01T19:50:00.203203Z
2026-09-01T19:50:05.446946+00:00,PA3BUA9MX72C,Jamies-MacBook-Pro.local,True,META261002P00560000,META,2026-10-02,30dte,560.0,put,579.67,12.57,16.32,14.0,14.0,14.445,3.75,0.259605,0.9661,2026-09-01T19:50:00.501189101Z
2026-09-01T19:50:05.446946+00:00,PA3BUA9MX72C,Jamies-MacBook-Pro.local,True,AMZN261002P00250000,AMZN,2026-10-02,30dte,250.0,put,254.475,6.05,6.09,10.0,11.0,6.07,0.04,0.00659,0.9824,2026-09-01T19:49:59.670246383Z
2026-09-01T19:50:05.446946+00:00,PA3BUA9MX72C,Jamies-MacBook-Pro.local,True,AAPL261002P00295000,AAPL,2026-10-02,30dte,295.0,put,325.73,1.03,1.42,53.0,6.0,1.225,0.39,0.318367,0.9057,2026-09-01T19:50:01.105373016Z
2026-09-01T19:50:05.446946+00:00,PA3BUA9MX72C,Jamies-MacBook-Pro.local,True,AAPL261002P00320000,AAPL,2026-10-02,30dte,320.0,put,325.73,6.46,6.57,1.0,12.0,6.515,0.11,0.016884,0.9824,2026-09-01T19:49:59.009439827Z
2026-09-01T19:50:05.446946+00:00,PA3BUA9MX72C,Jamies-MacBook-Pro.local,True,AAPL261002P00305000,AAPL,2026-10-02,30dte,305.0,put,325.73,2.4,2.68,1.0,35.0,2.54,0.28,0.110236,0.9364,2026-09-01T19:49:59.610664631Z
2026-09-01T19:50:05.446946+00:00,PA3BUA9MX72C,Jamies-MacBook-Pro.local,True,AMZN261002P00235000,AMZN,2026-10-02,30dte,235.0,put,254.475,1.83,2.12,31.0,10.0,1.975,0.29,0.146835,0.9235,2026-09-01T19:50:00.784576574Z
2026-09-01T19:50:05.446946+00:00,PA3BUA9MX72C,Jamies-MacBook-Pro.local,True,AAPL261002P00325000,AAPL,2026-10-02,30dte,325.0,put,325.73,8.65,8.97,1.0,6.0,8.81,0.32,0.036322,0.9978,2026-09-01T19:50:00.194452119Z
2026-09-01T19:50:05.446946+00:00,PA3BUA9MX72C,Jamies-MacBook-Pro.local,True,META261002C00590000,META,2026-10-02,30dte,590.0,call,579.67,19.53,21.8,1.0,3.0,20.665,2.27,0.109848,1.0178,2026-09-01T19:50:00.35496376Z
2026-09-01T19:50:05.446946+00:00,PA3BUA9MX72C,Jamies-MacBook-Pro.local,True,META261002C00610000,META,2026-10-02,30dte,610.0,call,579.67,11.21,13.22,19.0,1.0,12.215,2.01,0.164552,1.0523,2026-09-01T19:50:00.001932007Z
2026-09-01T19:50:05.446946+00:00,PA3BUA9MX72C,Jamies-MacBook-Pro.local,True,META261002P00580000,META,2026-10-02,30dte,580.0,put,579.67,22.16,25.03,18.0,26.0,23.595,2.87,0.121636,1.0006,2026-09-01T19:50:00.038179236Z
2026-09-01T19:50:05.446946+00:00,PA3BUA9MX72C,Jamies-MacBook-Pro.local,True,AAPL261002P00290000,AAPL,2026-10-02,30dte,290.0,put,325.73,0.92,1.02,4.0,38.0,0.97,0.1,0.103093,0.8903,2026-09-01T19:49:58.890467111Z
2026-09-01T19:50:05.446946+00:00,PA3BUA9MX72C,Jamies-MacBook-Pro.local,True,META261002P00525000,META,2026-10-02,30dte,525.0,put,579.67,4.96,5.65,21.0,17.0,5.305,0.69,0.130066,0.9057,2026-09-01T19:50:00.032570788Z
2026-09-01T19:50:05.446946+00:00,PA3BUA9MX72C,Jamies-MacBook-Pro.local,True,AAPL261002C00330000,AAPL,2026-10-02,30dte,330.0,call,325.73,7.65,7.87,38.0,20.0,7.76,0.22,0.028351,1.0131,2026-09-01T19:49:59.186612646Z
2026-09-01T19:50:05.446946+00:00,PA3BUA9MX72C,Jamies-MacBook-Pro.local,True,META261002P00515000,META,2026-10-02,30dte,515.0,put,579.67,3.35,3.97,27.0,25.0,3.66,0.62,0.169399,0.8884,2026-09-01T19:50:00.032570788Z
2026-09-01T19:50:05.446946+00:00,PA3BUA9MX72C,Jamies-MacBook-Pro.local,True,MSFT261002C00510000,MSFT,2026-10-02,30dte,510.0,call,500.715,10.34,11.33,2.0,2.0,10.835,0.99,0.091371,1.0185,2026-09-01T19:50:00.408734411Z
2026-09-01T19:50:05.446946+00:00,PA3BUA9MX72C,Jamies-MacBook-Pro.local,True,AAPL261002P00300000,AAPL,2026-10-02,30dte,300.0,put,325.73,1.57,1.88,6.0,6.0,1.725,0.31,0.17971,0.921,2026-09-01T19:50:00.19404641Z
2026-09-01T19:50:05.446946+00:00,PA3BUA9MX72C,Jamies-MacBook-Pro.local,True,META261002P00505000,META,2026-10-02,30dte,505.0,put,579.67,2.45,2.78,11.0,3.0,2.615,0.33,0.126195,0.8712,2026-09-01T19:50:00.035648202Z
2026-09-01T19:50:05.446946+00:00,PA3BUA9MX72C,Jamies-MacBook-Pro.local,True,AAPL261002P00275000,AAPL,2026-10-02,30dte,275.0,put,325.73,0.35,0.44,12.0,24.0,0.395,0.09,0.227848,0.8443,2026-09-01T19:49:59.656103818Z
2026-09-01T19:50:05.446946+00:00,PA3BUA9MX72C,Jamies-MacBook-Pro.local,True,META261002P00535000,META,2026-10-02,30dte,535.0,put,579.67,5.93,7.37,18.0,3.0,6.65,1.44,0.216541,0.9229,2026-09-01T19:50:00.090789924Z
2026-09-01T19:50:05.446946+00:00,PA3BUA9MX72C,Jamies-MacBook-Pro.local,True,META261002P00570000,META,2026-10-02,30dte,570.0,put,579.67,17.71,19.32,24.0,24.0,18.515,1.61,0.086957,0.9833,2026-09-01T19:50:00.032570788Z
2026-09-01T19:50:05.446946+00:00,PA3BUA9MX72C,Jamies-MacBook-Pro.local,True,MSFT261002C00525000,MSFT,2026-10-02,30dte,525.0,call,500.715,5.37,6.05,3.0,3.0,5.71,0.68,0.119089,1.0485,2026-09-01T19:50:00.343844873Z
2026-09-01T19:50:05.446946+00:00,PA3BUA9MX72C,Jamies-MacBook-Pro.local,True,META261002P00495000,META,2026-10-02,30dte,495.0,put,579.67,1.72,2.05,3.0,24.0,1.885,0.33,0.175066,0.8539,2026-09-01T19:50:00.214590067Z
2026-09-01T19:50:05.446946+00:00,PA3BUA9MX72C,Jamies-MacBook-Pro.local,True,MSFT261002P00445000,MSFT,2026-10-02,30dte,445.0,put,500.715,1.3,1.5,70.0,14.0,1.4,0.2,0.142857,0.8887,2026-09-01T19:50:00.000597048Z
2026-09-01T19:50:05.446946+00:00,PA3BUA9MX72C,Jamies-MacBook-Pro.local,True,AAPL261002P00315000,AAPL,2026-10-02,30dte,315.0,put,325.73,4.76,5.01,1.0,20.0,4.885,0.25,0.051177,0.9671,2026-09-01T19:49:59.099760442Z
2026-09-01T19:50:05.446946+00:00,PA3BUA9MX72C,Jamies-MacBook-Pro.local,True,META261002P00545000,META,2026-10-02,30dte,545.0,put,579.67,7.79,9.98,16.0,5.0,8.885,2.19,0.246483,0.9402,2026-09-01T19:50:00.492989336Z
2026-09-01T19:50:05.446946+00:00,PA3BUA9MX72C,Jamies-MacBook-Pro.local,True,AAPL261002P00310000,AAPL,2026-10-02,30dte,310.0,put,325.73,3.33,3.58,43.0,3.0,3.455,0.25,0.072359,0.9517,2026-09-01T19:50:01.106618524Z
2026-09-01T19:50:05.446946+00:00,PA3BUA9MX72C,Jamies-MacBook-Pro.local,True,AAPL261002P00265000,AAPL,2026-10-02,30dte,265.0,put,325.73,0.27,0.28,4.0,12.0,0.275,0.01,0.036364,0.8136,2026-09-01T19:49:59.489250279Z
2026-09-01T19:50:05.446946+00:00,PA3BUA9MX72C,Jamies-MacBook-Pro.local,True,META261002C00580000,META,2026-10-02,30dte,580.0,call,579.67,23.73,26.52,4.0,1.0,25.125,2.79,0.111045,1.0006,2026-09-01T19:50:00.396509881Z
2026-09-01T19:50:05.446946+00:00,PA3BUA9MX72C,Jamies-MacBook-Pro.local,True,AMZN261002P00240000,AMZN,2026-10-02,30dte,240.0,put,254.475,2.97,3.19,50.0,30.0,3.08,0.22,0.071429,0.9431,2026-09-01T19:50:00.428685543Z
2026-09-01T19:50:05.446946+00:00,PA3BUA9MX72C,Jamies-MacBook-Pro.local,True,MSFT261002C00500000,MSFT,2026-10-02,30dte,500.0,call,500.715,14.96,16.73,5.0,11.0,15.845,1.77,0.111707,0.9986,2026-09-01T19:50:00.211690129Z
2026-09-01T19:50:05.446946+00:00,PA3BUA9MX72C,Jamies-MacBook-Pro.local,True,AAPL261002C00325000,AAPL,2026-10-02,30dte,325.0,call,325.73,10.16,10.4,39.0,1.0,10.28,0.24,0.023346,0.9978,2026-09-01T19:50:00.006025014Z
2026-09-01T19:50:05.446946+00:00,PA3BUA9MX72C,Jamies-MacBook-Pro.local,True,MSFT261002P00425000,MSFT,2026-10-02,30dte,425.0,put,500.715,0.55,0.76,3.0,2.0,0.655,0.21,0.320611,0.8488,2026-09-01T19:50:00.394565633Z
2026-09-01T19:50:05.446946+00:00,PA3BUA9MX72C,Jamies-MacBook-Pro.local,True,META261002P00555000,META,2026-10-02,30dte,555.0,put,579.67,11.34,13.18,2.0,3.0,12.26,1.84,0.150082,0.9574,2026-09-01T19:50:00.443080512Z
2026-09-01T19:50:05.446946+00:00,PA3BUA9MX72C,Jamies-MacBook-Pro.local,True,AMZN261002P00245000,AMZN,2026-10-02,30dte,245.0,put,254.475,4.23,4.38,6.0,28.0,4.305,0.15,0.034843,0.9628,2026-09-01T19:50:00.784576574Z
2026-09-01T19:50:05.446946+00:00,PA3BUA9MX72C,Jamies-MacBook-Pro.local,True,AMZN261002P00255000,AMZN,2026-10-02,30dte,255.0,put,254.475,7.48,8.37,55.0,25.0,7.925,0.89,0.112303,1.0021,2026-09-01T19:50:01.027755182Z
2026-09-01T19:50:05.446946+00:00,PA3BUA9MX72C,Jamies-MacBook-Pro.local,True,META261002P00475000,META,2026-10-02,30dte,475.0,put,579.67,0.87,1.13,3.0,3.0,1.0,0.26,0.26,0.8194,2026-09-01T19:50:00.510817144Z
2026-09-01T19:50:05.446946+00:00,PA3BUA9MX72C,Jamies-MacBook-Pro.local,True,AAPL261002P00285000,AAPL,2026-10-02,30dte,285.0,put,325.73,0.65,0.77,17.0,24.0,0.71,0.12,0.169014,0.875,2026-09-01T19:49:59.238822351Z
2026-09-01T19:50:05.446946+00:00,PA3BUA9MX72C,Jamies-MacBook-Pro.local,True,MSFT261002P00410000,MSFT,2026-10-02,30dte,410.0,put,500.715,0.06,0.68,57.0,21.0,0.37,0.62,1.675676,0.8188,2026-09-01T19:49:59.870341699Z
2026-09-01T19:50:05.446946+00:00,PA3BUA9MX72C,Jamies-MacBook-Pro.local,True,GOOGL261002P00310000,GOOGL,2026-10-02,30dte,310.0,put,334.205,2.43,2.52,10.0,3.0,2.475,0.09,0.036364,0.9276,2026-09-01T19:50:00.196995759Z
2026-09-01T19:50:05.446946+00:00,PA3BUA9MX72C,Jamies-MacBook-Pro.local,True,INTC261002P00077000,INTC,2026-10-02,30dte,77.0,put,88.96,1.14,1.67,1.0,1.0,1.405,0.53,0.377224,0.8656,2026-09-01T19:50:00.354719601Z
2026-09-01T19:50:05.446946+00:00,PA3BUA9MX72C,Jamies-MacBook-Pro.local,True,INTC261002P00081000,INTC,2026-10-02,30dte,81.0,put,88.96,2.07,2.62,2.0,1.0,2.345,0.55,0.234542,0.9105,2026-09-01T19:50:00.412963624Z
2026-09-01T19:50:05.446946+00:00,PA3BUA9MX72C,Jamies-MacBook-Pro.local,True,AMZN261002P00220000,AMZN,2026-10-02,30dte,220.0,put,254.475,0.61,0.7,18.0,50.0,0.655,0.09,0.137405,0.8645,2026-09-01T19:50:00.07454103Z
2026-09-01T19:50:05.446946+00:00,PA3BUA9MX72C,Jamies-MacBook-Pro.local,True,INTC261002P00082000,INTC,2026-10-02,30dte,82.0,put,88.96,2.34,2.97,2.0,1.0,2.655,0.63,0.237288,0.9218,2026-09-01T19:50:00.41160532Z
2026-09-01T19:50:05.446946+00:00,PA3BUA9MX72C,Jamies-MacBook-Pro.local,True,INTC261002P00088000,INTC,2026-10-02,30dte,88.0,put,88.96,4.69,5.38,2.0,2.0,5.035,0.69,0.137041,0.9892,2026-09-01T19:50:00.369940984Z
2026-09-01T19:50:05.446946+00:00,PA3BUA9MX72C,Jamies-MacBook-Pro.local,True,INTC261002C00093000,INTC,2026-10-02,30dte,93.0,call,88.96,3.53,5.12,2.0,2.0,4.325,1.59,0.36763,1.0454,2026-09-01T19:50:00.398281111Z
2026-09-01T19:50:05.446946+00:00,PA3BUA9MX72C,Jamies-MacBook-Pro.local,True,AMD261002P00440000,AMD,2026-10-02,30dte,440.0,put,459.93,15.1,16.35,9.0,17.0,15.725,1.25,0.079491,0.9567,2026-09-01T19:49:59.228481556Z
2026-09-01T19:50:05.446946+00:00,PA3BUA9MX72C,Jamies-MacBook-Pro.local,True,GOOGL261002P00335000,GOOGL,2026-10-02,30dte,335.0,put,334.205,9.35,10.65,6.0,1.0,10.0,1.3,0.13,1.0024,2026-09-01T19:50:00.440226582Z
2026-09-01T19:50:05.446946+00:00,PA3BUA9MX72C,Jamies-MacBook-Pro.local,True,GOOGL261002P00275000,GOOGL,2026-10-02,30dte,275.0,put,334.205,0.24,0.5,81.0,132.0,0.37,0.26,0.702703,0.8228,2026-09-01T19:49:59.472084344Z
2026-09-01T19:50:05.446946+00:00,PA3BUA9MX72C,Jamies-MacBook-Pro.local,True,AMZN261002P00230000,AMZN,2026-10-02,30dte,230.0,put,254.475,1.33,1.5,1.0,16.0,1.415,0.17,0.120141,0.9038,2026-09-01T19:50:00.249849439Z
2026-09-01T19:50:05.446946+00:00,PA3BUA9MX72C,Jamies-MacBook-Pro.local,True,GOOGL261002C00350000,GOOGL,2026-10-02,30dte,350.0,call,334.205,4.99,5.17,38.0,1.0,5.08,0.18,0.035433,1.0473,2026-09-01T19:50:00.314651764Z
2026-09-01T19:50:05.446946+00:00,PA3BUA9MX72C,Jamies-MacBook-Pro.local,True,AMZN261002C00265000,AMZN,2026-10-02,30dte,265.0,call,254.475,4.26,4.77,31.0,10.0,4.515,0.51,0.112957,1.0414,2026-09-01T19:50:00.080279744Z
2026-09-01T19:50:05.446946+00:00,PA3BUA9MX72C,Jamies-MacBook-Pro.local,True,AMD261002P00455000,AMD,2026-10-02,30dte,455.0,put,459.93,20.16,24.28,22.0,2.0,22.22,4.12,0.185419,0.9893,2026-09-01T19:50:01.131693304Z
2026-09-01T19:50:05.446946+00:00,PA3BUA9MX72C,Jamies-MacBook-Pro.local,True,AMZN261002P00210000,AMZN,2026-10-02,30dte,210.0,put,254.475,0.27,0.35,48.0,17.0,0.31,0.08,0.258065,0.8252,2026-09-01T19:50:00.069904922Z
2026-09-01T19:50:05.446946+00:00,PA3BUA9MX72C,Jamies-MacBook-Pro.local,True,INTC261002P00089000,INTC,2026-10-02,30dte,89.0,put,88.96,5.18,6.11,2.0,1.0,5.645,0.93,0.164748,1.0004,2026-09-01T19:50:00.275906697Z
2026-09-01T19:50:05.446946+00:00,PA3BUA9MX72C,Jamies-MacBook-Pro.local,True,INTC261002P00079000,INTC,2026-10-02,30dte,79.0,put,88.96,1.55,1.97,2.0,3.0,1.76,0.42,0.238636,0.888,2026-09-01T19:50:00.495255444Z
2026-09-01T19:50:05.446946+00:00,PA3BUA9MX72C,Jamies-MacBook-Pro.local,True,GOOGL261002P00290000,GOOGL,2026-10-02,30dte,290.0,put,334.205,0.62,0.72,6.0,16.0,0.67,0.1,0.149254,0.8677,2026-09-01T19:50:00.036196973Z
2026-09-01T19:50:05.446946+00:00,PA3BUA9MX72C,Jamies-MacBook-Pro.local,True,GOOGL261002P00315000,GOOGL,2026-10-02,30dte,315.0,put,334.205,3.36,3.54,48.0,65.0,3.45,0.18,0.052174,0.9425,2026-09-01T19:49:59.401891737Z
2026-09-01T19:50:05.446946+00:00,PA3BUA9MX72C,Jamies-MacBook-Pro.local,True,INTC261002P00084000,INTC,2026-10-02,30dte,84.0,put,88.96,2.88,3.53,1.0,1.0,3.205,0.65,0.202808,0.9442,2026-09-01T19:50:00.405371469Z
2026-09-01T19:50:05.446946+00:00,PA3BUA9MX72C,Jamies-MacBook-Pro.local,True,INTC261002P00076000,INTC,2026-10-02,30dte,76.0,put,88.96,1.18,1.33,1.0,2.0,1.255,0.15,0.119522,0.8543,2026-09-01T19:50:00.253588333Z
2026-09-01T19:50:05.446946+00:00,PA3BUA9MX72C,Jamies-MacBook-Pro.local,True,AMZN261002P00215000,AMZN,2026-10-02,30dte,215.0,put,254.475,0.39,0.53,14.0,50.0,0.46,0.14,0.304348,0.8449,2026-09-01T19:50:00.08370777Z
2026-09-01T19:50:05.446946+00:00,PA3BUA9MX72C,Jamies-MacBook-Pro.local,True,GOOGL261002P00295000,GOOGL,2026-10-02,30dte,295.0,put,334.205,0.88,1.0,1.0,6.0,0.94,0.12,0.12766,0.8827,2026-09-01T19:50:00.371998648Z
2026-09-01T19:50:05.446946+00:00,PA3BUA9MX72C,Jamies-MacBook-Pro.local,True,GOOGL261002P00330000,GOOGL,2026-10-02,30dte,330.0,put,334.205,7.85,8.29,22.0,14.0,8.07,0.44,0.054523,0.9874,2026-09-01T19:50:00.049568567Z
2026-09-01T19:50:05.446946+00:00,PA3BUA9MX72C,Jamies-MacBook-Pro.local,True,AMZN261002C00255000,AMZN,2026-10-02,30dte,255.0,call,254.475,8.66,9.21,12.0,11.0,8.935,0.55,0.061556,1.0021,2026-09-01T19:50:01.024653626Z
2026-09-01T19:50:05.446946+00:00,PA3BUA9MX72C,Jamies-MacBook-Pro.local,True,GOOGL261002P00285000,GOOGL,2026-10-02,30dte,285.0,put,334.205,0.47,0.57,4.0,6.0,0.52,0.1,0.192308,0.8528,2026-09-01T19:50:00.164779606Z
2026-09-01T19:50:05.446946+00:00,PA3BUA9MX72C,Jamies-MacBook-Pro.local,True,INTC261002P00086000,INTC,2026-10-02,30dte,86.0,put,88.96,3.17,4.47,2.0,2.0,3.82,1.3,0.340314,0.9667,2026-09-01T19:50:00.275276697Z
2026-09-01T19:50:05.446946+00:00,PA3BUA9MX72C,Jamies-MacBook-Pro.local,True,AMD261002P00460000,AMD,2026-10-02,30dte,460.0,put,459.93,23.79,25.77,2.0,2.0,24.78,1.98,0.079903,1.0002,2026-09-01T19:50:00.550732421Z
2026-09-01T19:50:05.446946+00:00,PA3BUA9MX72C,Jamies-MacBook-Pro.local,True,GOOGL261002P00305000,GOOGL,2026-10-02,30dte,305.0,put,334.205,1.61,2.22,6.0,3.0,1.915,0.61,0.318538,0.9126,2026-09-01T19:50:00.519485955Z
2026-09-01T19:50:05.446946+00:00,PA3BUA9MX72C,Jamies-MacBook-Pro.local,True,INTC261002C00089000,INTC,2026-10-02,30dte,89.0,call,88.96,5.43,6.32,1.0,2.0,5.875,0.89,0.151489,1.0004,2026-09-01T19:50:00.410297161Z
2026-09-01T19:50:05.446946+00:00,PA3BUA9MX72C,Jamies-MacBook-Pro.local,True,GOOGL261002P00320000,GOOGL,2026-10-02,30dte,320.0,put,334.205,4.4,4.73,60.0,18.0,4.565,0.33,0.072289,0.9575,2026-09-01T19:49:59.401896865Z
2026-09-01T19:50:05.446946+00:00,PA3BUA9MX72C,Jamies-MacBook-Pro.local,True,INTC261002P00085000,INTC,2026-10-02,30dte,85.0,put,88.96,3.45,4.07,1.0,1.0,3.76,0.62,0.164894,0.9555,2026-09-01T19:50:00.41206148Z
2026-09-01T19:50:05.446946+00:00,PA3BUA9MX72C,Jamies-MacBook-Pro.local,True,GOOGL261002C00335000,GOOGL,2026-10-02,30dte,335.0,call,334.205,10.4,11.16,21.0,5.0,10.78,0.76,0.070501,1.0024,2026-09-01T19:50:00.413683703Z
2026-09-01T19:50:05.446946+00:00,PA3BUA9MX72C,Jamies-MacBook-Pro.local,True,AMD261002P00445000,AMD,2026-10-02,30dte,445.0,put,459.93,16.03,18.93,37.0,1.0,17.48,2.9,0.165904,0.9675,2026-09-01T19:50:01.121002783Z
2026-09-01T19:50:05.446946+00:00,PA3BUA9MX72C,Jamies-MacBook-Pro.local,True,INTC261002C00091000,INTC,2026-10-02,30dte,91.0,call,88.96,4.76,5.46,1.0,2.0,5.11,0.7,0.136986,1.0229,2026-09-01T19:50:00.419138561Z
2026-09-01T19:50:05.446946+00:00,PA3BUA9MX72C,Jamies-MacBook-Pro.local,True,AMZN261002P00225000,AMZN,2026-10-02,30dte,225.0,put,254.475,0.9,1.02,10.0,65.0,0.96,0.12,0.125,0.8842,2026-09-01T19:49:59.889561203Z
2026-09-01T19:50:05.446946+00:00,PA3BUA9MX72C,Jamies-MacBook-Pro.local,True,AMZN261002C00260000,AMZN,2026-10-02,30dte,260.0,call,254.475,6.12,6.73,55.0,68.0,6.425,0.61,0.094942,1.0217,2026-09-01T19:50:01.030769462Z
2026-09-01T19:50:05.446946+00:00,PA3BUA9MX72C,Jamies-MacBook-Pro.local,True,INTC261002P00075000,INTC,2026-10-02,30dte,75.0,put,88.96,0.94,1.16,35.0,1.0,1.05,0.22,0.209524,0.8431,2026-09-01T19:50:00.417604585Z
2026-09-01T19:50:05.446946+00:00,PA3BUA9MX72C,Jamies-MacBook-Pro.local,True,GOOGL261002P00325000,GOOGL,2026-10-02,30dte,325.0,put,334.205,5.96,6.39,38.0,6.0,6.175,0.43,0.069636,0.9725,2026-09-01T19:50:00.213224409Z
2026-09-01T19:50:05.446946+00:00,PA3BUA9MX72C,Jamies-MacBook-Pro.local,True,GOOGL261002C00340000,GOOGL,2026-10-02,30dte,340.0,call,334.205,8.34,9.07,4.0,38.0,8.705,0.73,0.08386,1.0173,2026-09-01T19:50:00.152238848Z
2026-09-01T19:50:05.446946+00:00,PA3BUA9MX72C,Jamies-MacBook-Pro.local,True,AMD261002P00410000,AMD,2026-10-02,30dte,410.0,put,459.93,6.74,7.19,6.0,12.0,6.965,0.45,0.064609,0.8914,2026-09-01T19:50:00.07054084Z
2026-09-01T19:50:05.446946+00:00,PA3BUA9MX72C,Jamies-MacBook-Pro.local,True,MU261002P00935000,MU,2026-10-02,30dte,935.0,put,934.63,62.58,66.88,1.0,3.0,64.73,4.3,0.06643,1.0004,2026-09-01T19:50:00.467826972Z
2026-09-01T19:50:05.446946+00:00,PA3BUA9MX72C,Jamies-MacBook-Pro.local,True,AMD261002P00390000,AMD,2026-10-02,30dte,390.0,put,459.93,3.46,4.61,2.0,5.0,4.035,1.15,0.285006,0.848,2026-09-01T19:50:01.275291017Z
2026-09-01T19:50:05.446946+00:00,PA3BUA9MX72C,Jamies-MacBook-Pro.local,True,AMD261002P00420000,AMD,2026-10-02,30dte,420.0,put,459.93,8.16,9.41,2.0,6.0,8.785,1.25,0.142288,0.9132,2026-09-01T19:50:00.47620387Z
2026-09-01T19:50:05.446946+00:00,PA3BUA9MX72C,Jamies-MacBook-Pro.local,True,MU261002P00795000,MU,2026-10-02,30dte,795.0,put,934.63,14.66,17.95,2.0,2.0,16.305,3.29,0.201779,0.8506,2026-09-01T19:50:00.41022973Z
2026-09-01T19:50:05.446946+00:00,PA3BUA9MX72C,Jamies-MacBook-Pro.local,True,AMD261002P00430000,AMD,2026-10-02,30dte,430.0,put,459.93,11.59,12.64,2.0,2.0,12.115,1.05,0.086669,0.9349,2026-09-01T19:50:00.478920395Z
2026-09-01T19:50:05.446946+00:00,PA3BUA9MX72C,Jamies-MacBook-Pro.local,True,AMD261002P00400000,AMD,2026-10-02,30dte,400.0,put,459.93,5.01,5.48,5.0,17.0,5.245,0.47,0.089609,0.8697,2026-09-01T19:49:59.240013655Z
2026-09-01T19:50:05.446946+00:00,PA3BUA9MX72C,Jamies-MacBook-Pro.local,True,AMD261002C00470000,AMD,2026-10-02,30dte,470.0,call,459.93,19.82,23.68,2.0,2.0,21.75,3.86,0.177471,1.0219,2026-09-01T19:50:01.17322782Z
2026-09-01T19:50:05.446946+00:00,PA3BUA9MX72C,Jamies-MacBook-Pro.local,True,MU261002P00815000,MU,2026-10-02,30dte,815.0,put,934.63,19.24,22.88,1.0,3.0,21.06,3.64,0.17284,0.872,2026-09-01T19:50:00.315463824Z
2026-09-01T19:50:05.446946+00:00,PA3BUA9MX72C,Jamies-MacBook-Pro.local,True,MU261002P00920000,MU,2026-10-02,30dte,920.0,put,934.63,55.77,61.42,2.0,3.0,58.595,5.65,0.096425,0.9843,2026-09-01T19:50:00.452064525Z
2026-09-01T19:50:05.446946+00:00,PA3BUA9MX72C,Jamies-MacBook-Pro.local,True,AMD261002C00460000,AMD,2026-10-02,30dte,460.0,call,459.93,24.48,26.75,15.0,12.0,25.615,2.27,0.08862,1.0002,2026-09-01T19:50:00.12411214Z
2026-09-01T19:50:05.446946+00:00,PA3BUA9MX72C,Jamies-MacBook-Pro.local,True,MU261002C00980000,MU,2026-10-02,30dte,980.0,call,934.63,48.96,53.97,3.0,1.0,51.465,5.01,0.097348,1.0485,2026-09-01T19:50:00.390465947Z
2026-09-01T19:50:05.446946+00:00,PA3BUA9MX72C,Jamies-MacBook-Pro.local,True,AMD261002P00375000,AMD,2026-10-02,30dte,375.0,put,459.93,2.28,2.58,11.0,10.0,2.43,0.3,0.123457,0.8153,2026-09-01T19:50:00.248235529Z
2026-09-01T19:50:05.446946+00:00,PA3BUA9MX72C,Jamies-MacBook-Pro.local,True,MU261002P00765000,MU,2026-10-02,30dte,765.0,put,934.63,10.12,12.63,1.0,2.0,11.375,2.51,0.220659,0.8185,2026-09-01T19:50:00.473395247Z
2026-09-01T19:50:05.446946+00:00,PA3BUA9MX72C,Jamies-MacBook-Pro.local,True,AMD261002P00425000,AMD,2026-10-02,30dte,425.0,put,459.93,10.38,10.73,1.0,11.0,10.555,0.35,0.03316,0.9241,2026-09-01T19:49:59.974051174Z
2026-09-01T19:50:05.446946+00:00,PA3BUA9MX72C,Jamies-MacBook-Pro.local,True,MU261002C00935000,MU,2026-10-02,30dte,935.0,call,934.63,68.34,70.74,1.0,2.0,69.54,2.4,0.034513,1.0004,2026-09-01T19:50:00.475554579Z
2026-09-01T19:50:05.446946+00:00,PA3BUA9MX72C,Jamies-MacBook-Pro.local,True,MU261002P00905000,MU,2026-10-02,30dte,905.0,put,934.63,48.77,53.53,2.0,1.0,51.15,4.76,0.09306,0.9683,2026-09-01T19:50:00.612351466Z
2026-09-01T19:50:05.446946+00:00,PA3BUA9MX72C,Jamies-MacBook-Pro.local,True,MU261002C00955000,MU,2026-10-02,30dte,955.0,call,934.63,55.09,62.44,24.0,3.0,58.765,7.35,0.125074,1.0218,2026-09-01T19:50:00.506483425Z
2026-09-01T19:50:05.446946+00:00,PA3BUA9MX72C,Jamies-MacBook-Pro.local,True,MU261002P00830000,MU,2026-10-02,30dte,830.0,put,934.63,23.23,25.94,1.0,24.0,24.585,2.71,0.11023,0.8881,2026-09-01T19:50:00.145127694Z
2026-09-01T19:50:05.446946+00:00,PA3BUA9MX72C,Jamies-MacBook-Pro.local,True,MU261002P00850000,MU,2026-10-02,30dte,850.0,put,934.63,27.46,30.53,1.0,1.0,28.995,3.07,0.10588,0.9095,2026-09-01T19:50:00.170543238Z
2026-09-01T19:50:05.446946+00:00,PA3BUA9MX72C,Jamies-MacBook-Pro.local,True,MU261002P00865000,MU,2026-10-02,30dte,865.0,put,934.63,32.5,37.39,3.0,1.0,34.945,4.89,0.139934,0.9255,2026-09-01T19:50:00.429024463Z
2026-09-01T19:50:05.446946+00:00,PA3BUA9MX72C,Jamies-MacBook-Pro.local,True,AMD261002C00485000,AMD,2026-10-02,30dte,485.0,call,459.93,14.42,17.51,22.0,2.0,15.965,3.09,0.193548,1.0545,2026-09-01T19:50:00.999378158Z
2026-09-01T19:50:05.446946+00:00,PA3BUA9MX72C,Jamies-MacBook-Pro.local,True,MU261002P00880000,MU,2026-10-02,30dte,880.0,put,934.63,38.07,44.47,2.0,3.0,41.27,6.4,0.155076,0.9415,2026-09-01T19:50:00.469335569Z
2026-09-01T19:50:05.446946+00:00,PA3BUA9MX72C,Jamies-MacBook-Pro.local,True,MU261002P00895000,MU,2026-10-02,30dte,895.0,put,934.63,43.27,50.24,1.0,2.0,46.755,6.97,0.149075,0.9576,2026-09-01T19:50:00.410379965Z
